# Resource object code (Python 3)
# Created by: object code
# Created by: The Resource Compiler for Qt version 6.9.0
# WARNING! All changes made in this file will be lost!

from PySide6 import QtCore

qt_resource_data = b"\
\x00\x00\xe2\xe5\
\x00\
\x00\x01\x00\x01\x00\x00\x00\x00\x00\x00\x00 \x00\xcf\xe2\x00\
\x00\x16\x00\x00\x00\x89PNG\x0d\x0a\x1a\x0a\x00\x00\x00\
\x0dIHDR\x00\x00\x01\x00\x00\x00\x01\x00\x08\x06\x00\
\x00\x00\x5cr\xa8f\x00\x00\xe2\x96IDATx\x9c\
\xec\xbdu\x9cdG\xd5?\xfc=uowO\xf7\xf8\
\xac\xc4\x13\x02$!Hp\x09\x10\xe0\x01\x82\x06\xb7\xe0\
\x04\x0b\x1a4\xb8Cpw}\x80\x07\x0bn\x81\xe0\x1a\
,x\x88\xeb\xc6me|\xa6\xbb\xef\xad\xf3\xfeQu\
N\x9d{gvwf\xb3\x09\xfb\xfe>[\xc9lw\
_)9u\xbcN\x9d\x02v\x97\xddew\xd9]v\
\x97\xddew\xd9]v\x97\xddew\xd9]v\x97\xdd\
ew\xd9]v\x97\xddew\xd9]v\x97\xddew\
\xd9]v\x97\xddew\xd9]v\x97\xddew\xf9\x7f\
\xa5\x90\xfd\xf1\x0d<&{,\xbeY\x02h\x9c|\xd0\
A\x8f\xee\xe4\xf9Q.k\xdc\xaad\xde\x17\x0c\x00\xec\
\x08\xccL`\x80(\xd6@\xec\x19\x04\x02\x03\xf0\x04\x22\
0;\x10\x00ff\x10\x87\x9bL\x00<@\x19\x819\
<\xc6\xb1\x0fL\xb1.01\x88\xc1\x0c0B\xa5\xe1\
q\x80\x99\x08\x0e \x86\xbe\xe7@\xec\x09\x8e\xbdg\x8e\
\xd72\x02{\x80\x08\x14\xaex\xb6\xb5\x83\x09`\x90T\
\xc1\x88\x83\x89\x83bf\x84\x01\x99\xe2\x18\xccq\xacp\
D`\xf8P\x13\xc1\xc7O\xa28\x1e\x06\x13E q\
\x1a$\x11\xe0\x19\x027\xc4\x0es\xbc@\x00\xb3\x0b\x80\
\x08\xdd\x8c\x9d\x0aur\xe8\xbb\x031\xc7q\x859I\
\xd5\x11\x111\xb3t\x01D\xf1\x958\xc8\x00F\xf2\xa6\
q\x02\xd8\x83\x1cq\xbc\x09\x08t\x99\x05\x86\x00bw\
\xc2`\x1c\x04\xc00\xbd\xa00f\x02\xb1O\x13\x1a\xe6\
?\xa2\x82\xbcb\x100\xd6\x1a\xc7\xca\x9e\xc8\x85\xa6\x11\
\x00\x1e:\xc3\xb1\x19\x07\x22\x16\x98r\x00:\xc5\xf7\x09\
\x00{\x06y&G\xc4\x9e\xc2K\xa1\x89\xd0\x97\xd8\x87\
\xf0\xe1\x01\xb8\xf02\x81\xe3'\xc0.\x02\xc0s\x80!\
\x81\x03\x061\xa5\x7f(N3\x83e\x10\xd2[i%\
VMf\xa8\x0c\x0f\xcfDN0P\x90Op$v\
\xcf\x07\x98\x86\x8e!\xce\xab\xd0\x11\x03.\xbe\xe2\x85\xf0\
(6\xe8)t\xd0\x81\x88\x886z_\x9e6\xdf/\
\x7fx\xe2y\xe7\x9c\xf8E`\xf1\x1b@\xf6X\xa0T\
\xf8'\xe2\x0f7~p\xf0\xc1\xf7Y\xdfj\x9d\xd0\xca\
\xf2;7\x5c\x86\x1e{x\x02\xc7\xfeV\xa8B1\x94\
\xb5\xf3\x01{(\x22\x98\x8e\xbc\x82\xab\xcb\x96:b,\
\xfb@\xac\x84\xcd\xd3\xd2\xa9DfJ\x81\x95\xf6\xd2\xeb\
K\xd10\xd1\x99\x8e\xac\xf6\xcbr\x83\xd8NB\xfb\xa5\
oE\xacWn\x10[\x09Tm\xe0R\x85f\xadG\
\xe9+-\x03\xbc\xc4rQ\xbbnkg\xfd\xaew#\
g\x11FH\x5c\x03\x12\x84[@p]\x87\x18H1\
\xf2\xe8\xc8D,/\xa2\x1ah\x84\xff\xca\x13\x91\x8b\xa7\
9S\xb8pj;~q:\x96\xc4\xed\x95Z\x14\xb2\
\x22!\x02g\x85\xe9\xa7\x85\x82\x9ds\x8f\xc4\x8c\xd9\xc0\
U\x87,\xb3\x12eC\xa49\x85w\xa4~\x01e\x9a\
)\x85%\xd5\xea3\xa0]r\xa16\xab\x023\xfb\x8c\
H5C}\x14\xe1n\xfb\xa0U\xcb\xc3A\x8e\x22'\
B\xe9=\x16\x8a\xfe?\xafYXx\xd3\xc3/\xb8\xe0\
\x07\x91\xd6\xbdV+\xc4\xff\xd3C\x0e=n\xbc=\xf0\
\x81\xa1F\xee\xe6\x8b\xb2\x8c|6H\x12\x8b\x84\xd2A\
G f\x95\xb6\x82\xeaA@\x08\xdf\xad\x8cm\xc9\xf7\
\xda\xd0\xd30X0/\x88\xde\x0a\x22V\x10\xa1\x06\xd9\
(\xb6\x88\xe1=\xd5\x9bI\xb8 \x04P/I6.\
\xdfQ\xe5o\xa6\xe3\xda\x03;\x0a\xf3C*c$\xc2\
s`\xf6\x88\xe2a\xb9v\xf4z\xb8Y\x95^Rq\
\xa0f\x8e\x80\x169\x19'\xc3s\x85G\xd4\x1b\xb1\xac\
\x22\xcd\x94\x11\xea\x08\x122M\x0b\xd7f\xd1\xcey\x9a\
\x01J}\x16\x80K7jD\x05@d\x9c\x99\xceD\
\x05\xc20*\xa4i&H\x98\x8f!\x84 %\x81\x84\
\x97\x15\xe9\x93\xe6C\xf19Vd\xeb\xda\x964\xaaB\
\xb0Jv\x81T\x12\xc0\xed\xb0,r[\xe8W\xd9\x93\
<l\x1e\xd5y\xad\xc2\x1a\x09\x0c\xcax\x13\x90`\x05\
\x90'\x22\x0c\xb8,\xeb\xfb\x02\x97\xcd\xcc\xbe\xe1!\xe7\
\x9f\xffV\xa1y\x92/'\x1fr\xe8\x8b\xf6\x1f\xec|\
p\x01\xf0\xa5/\xbd\x03\xe5\xa1\xc6\xa8yh/EA\
\xa6\xca\xd4+\xd2\x8be\xc0\x08\x8a \x19n\xce:\x9a\
$T\xeb\x03\xae\xb0\xce\x88\x08Bt\x86\xf8\xd2\xa0#\
7\x16\xa9$\xd8 \xcd\x09\xc3\x145\x0f\x88d\xc7\x06\
\x8ab\x1b\xa4\xb6)\x08&\xb6,\xd9<\x22\xf0\xadL\
\xa3\x0e\xc5\x8cC\x915M\x9c\xfe\x8c\xc2\xb4R\x8de\
0\x0e /|\x8a\x13c\xb7\x88\xa4\xb8\x87Z;5\
Z\xaf\xbd\xb4\x04\xd1\xf5\x9e\x19\xae\xe5\x85\xf5\xd7\xaa\xaf\
/\xa1\x9a\xc4\x01*\x8d\xea\xade\xefTFd\xe6\x0e\
BY\x01'\x88\x83\xa9$\x98T\xe7\xff\xd5f\x05\xa6\
\xcb\xf5\xdd\xe2\xd4V\x08_\x98\x85\xf4\xc9v\x858\xd8\
#.\xa1FmllA\xa3\xac'\xb2\x09}\xc5\xb0\
K!\x0a\x16q\xb7t\x128\xe2\x88E@\xa9a\x89\
\xedJ\x89~\xb9\xcc]\xc6-\xe2\xc6ES3\xc7\x1f\
u\xc1y\xef\xe5`J\x00?:\xf8\xe0\xbb\xed\xd9\x19\
<\xc5\x11\xca\xc23\x11\xe0\xd8R\x5c\x1d \xa6Y\x99\
\xa5\x0ah\x19\x89\xa3\xa26L\x8e\xea9\x942\xd3'\
\xb86!i\xf8\xca\xb5\x97\xccdz\xaf\xca\x90\xcd\x84\
Vo\xea\xbdT\xa7%`i\xdcN:\xea\x83\x09_\
\x97c\xebU\xe6\x9d\xb4\x0c{\xad\x02P\xa3\x02[.\
a\xea\xaa\x0dw\x09|\x15\x95\x94\xbfF\xa6\x9b\x86R\
iW\x11%M\xd7\x12\xdc\xaf\xf3\xa5\xe5\xae\xa3\x0e+\
\xfb\xfcVI<!i\xe5\xf9Z{\xd6\xbc\xac\xf1\xf5\
\x0aQ\xab8\x84\xe5\xa8\x04uRp\xf5\x9d\xea\xcbU\
\x14_\xd6I\x11+\x17\xd9\xa5\x92\xc1\xcc\x93\x98\x04V\
\xdc\x87\x0f\xf3#\xb6\x19e'T\x8e\xd6!b\xb9Q\
eb\x18F*a\xe9\xac\xa4\xc6\x93H\xd0\xe7\x98\x98\
\xc9\x03\xbeA\xe4K\xe6\xec\xd2\xd9\x99\xbb?\xe2\x82\x0b\
\xfe\xe8\x1e\x03d\x83\xcd\xe6\xeb\x07\xf2\x1cEpZ8\
\xf1\xa8\xc0\x85\xce\x12\xc5\x81\x9bI\x93\xaa+\xccM:\
\xe5\xe4\x1d\xd3\x05\xfbC\x08G\xda\x11o\x12Q\x9a\x80\
Z\x95l\x9e\xabv\x80\xcd\xc3\xf1\x19\xaa\xb6\xaf\xcf\xc9\
5\xf5^Q\xaaS\xaa\x10X\x92!^m\x96\xec\xa0\
\x11\xa6\xd8\x8c\xce\xd4\x05g\xde\x97Wi\xe95\x80M\
;T}\xd84\xc9d)\x1e\xa8k\x0ez\xbb\xd6\x8e\
\x0eW\x9e!S\xa9y\xa62V{\x8f(\xb6M\xd5\
:\x08\xc9\x7f`\xea\xaf\xc2'}g\x03{\xd5\xe2(\
\xd4_\x99\x17\xed\xbb\x15\xa8K\xfbO\x06\x1e*\xff*\
\xed\xba*\x00t^\xab\xf2T\xeaS\xc2\xac\x01@\xea\
M`\x13J\x0f\x7f\x22\xb8\xa4\x89\x04w\xcb\xcdu\xb0\
 3.\x85c\x02v\xba\xb7\x04\xaeTa\x82\x966\
R\x0d\x09&D\x04\xab\x0b\x04\xda\x22\xd7\x07S\xbb\xd9\
\xa0\x91V\xeb\x04\x00D?9\xe8\xa0;Mt\x06\xff\
H\xce\xb9\xc8\xcd\xd3[\x96\x1b\xa9\xd1\x5cc\xa9\x15\x0f\
\x91\xf9\x1a9\x9cU\x8e\xaa\xc5\xd6e\xab\xa8\x8b7,\
}F\xdb\x22\xa4\x86\xc5\xbd\xb3|\x13\x22\xe9\xc5\x922\
d\x0b`\xa9\x0a]\xefr\xba\xb7\x1c\x07\xb6\xfd\xaf3\
I\xeb\xb4\xb4ZPz\x82\xcc\xcb\x15\xc4\xa9\xd5a\xdc\
^\xe9\x9eZd\xf1\x9e\x01\x90\xf6Y\x9cuQ\x8c%\
\x85C\xd4Y\x8aSY\xbdg\xd5\x16\x12\x18\x02\x81\xb8\
\x82\xa3z\xd9\xf9_\xe2\x00f\xaa\xd0`z\xbc\xaa\x0d\
P\xbc\xa3\xfd2\x14m\xe1\xa8\xdf+6!j5k\
\xd7S\x9d\x95\xb9\xa8\xcfU\x15+\x96EY\xdb\x0c\x18\
\x1c\x97\xa4*\xcc\xb8\x02Sq\x1a\xd6\xe1C\xe6\xbdp\
S\x85\xe1\x92\xee\xd4\xf0\x81\xcd\xb5\xad\xd0Hx\xce\xc0\
&\xe0\xac`\x06;\x22\xf6e\xe9/\x9f\x9e\xbb\xafk\
\x0f\x0c<\xb8\xd3hd\x00\x97\x80bY\xf2\xb8\x11\x82\
>\x09$\x07\x87rRJ\x9d\xa4\xe8-\x8d\x5c\x8b\x09\
 g8\x9b\xe5\xf2\xb1\x0eY1`\xe1\xfa2\xa0(\
=\x99\xccDP\xf2\x0b\xb2J\xf3\xf4)\xd2\x5c\xb8\xb0\
\xaa\xbf\xf1\xbd0\x86H\x08\xd2\x9e\x93\xbaH\xfb\xac\xbe\
\x0d\xe9\x8b\xe9\x97\xc2\xb3\x22]\x96\x8e\xab>_d`\
\x04@M ;\xae\xd4^\x82\xa9\xd2\x96\xf4\x0f\xb4D\
R\xb3\xc0A\x10\x82xI_\xc2\x98\x83z\xack}\
r\xcf\xce'\x08p\xba\x8e\x14\xe7^H(\xdc\x0b\xfd\
cs\x8f\xd3\x9c\xc98\x08 Jj`X\xf4\x0a\x0d\
U\xc6\x0a\xab\x0d\xc8\xb8\x85!Xm\x90\xb4\xdf\x02\x87\
0\x06\x0a\xfdt5\xfc\xb1\xefU\x9e\xaf>\xa3\x9a\x86\
>c\xea\xad\xe0C\x1dG\xaa\xda\xaajg:O\x16\
\xf6\xcb\xe0\x853s\xed\xec\xfc\xf2\xd21H\xbf\xec<\
\xc9\xb8\xb1t\xae\xa5\xda\xd4\x1f\x86\xfa\xabb7\x99\xd9\
w\x1a\xcd|\xac\xdd|x\xee\x0b\xbe/7=\xc0p\
q\xb9\x89\x00kk\xc0p\xf4\xc0G\xab\x9e)y\xc8\
\xd7\x9eE\x94\x12\xe2 \x8c\x9dW\x98{\xa5\xd2d;\
\x09W\xb426\xde\x8c\x81\x01`\x0ex\xe7\xad\xd3-\
B]\xfc\xea\xb2$\x14\xeb\x22\xb6\xfdJ\xb5\x82\xc32\
j\xea\x03\xa3\xa2\xe9\x18~'\xb7\xc2s>\xb8\xd8+\
\xcbW\x9c\xe8H\xc1\x98\xfa\x1c\xee\xc9S2\xbe\xb00\
\xacc\x8e\xb7\x94\x9e=L\x1d:\x05\xe1]\xd3M\xd2\
\x1e\xa0:V\x83\x1f\x12\x80\x904\x98\x04oV;\xde\
\xcc\xa7\x5c\x13\xdf\x08\xd8\xa2A\xe5\x99\x0a\xac\xb4.\xaf\
\x90NrW\x9e3RSx38\xc1\x0cP\x85N\
\xc7Cr\x8d*0\x081\x1e\x16\xa6a<\x04\xb9W\
/\x16g\xa5\xea\xa5c\x95\xba\x04\xe7\x03.'\xed\x8d\
b\x87\x5c\x9cC\xed\x0f\x99\x8a\xed@T\x06\x93\xe2\xb2\
\xf5y\x91\xaf\xbf\x97\x8a\xc2\xbe\xeeP\x92\xc8\x1a\x8b\x1f\
\xf2\x0eC\xef\x09\x18I\x86\x00\x10\xb3G\x06\xba\xbbk\
d\xb4w)\x812\xb0\x15q\x08\x1c\xb1\xc4/\x0d\x09\
\x80\x97\x83/\x12\xb2+2sX\xc4\x88-+0\x02\
_OD\xaf\x0b\x03\xde\x22\xb2!\xfe\xf8\x9e5=\xd3\
\xe0\x13\x01\xea\x1f\x00\xe2\xa4Z\xe9\x9a\xb0\xf4)\xde\xab\
\x22\xbe\x19+\xa5\xfa\xed\xbc*\xd2p\xea\x8f\xb4\x09\xe9\
\xbb\x8e\xd1\x82F\x01\x98\x90\xcb\x10\x8e\xd6a\xfa!\xdf\
\x8d\xb0J\xfd\xad1\x864\xe6\x08W\xc0\xcc\x99\xd4\x91\
\xea4\xf4X\xa9\x7f9$Ls\x9eB\xa8*m\x03\
\x06\xce\xe6^\x859\xc4\x9b\x86\x19\x19>\x0d(\xa2#\
\xe1Kml\xe0Z\xc79\xc1\x83\xa2\xca\xa8cF\xad\
\x0f\x0a_\xaa\x08\x1a\x8bf\x09\xaed\xbe'\x9cas\
M\x17\xb4\x0c\x0e.O\x88\xd2\xff\xd8?\xcf[\x81\xb7\
\xc5CS\x91\x85\xa5e&u\xd8\xca#\xf5\xef\x91\x8e\
9\x0c \xd8V\x0c8\xc2h\xee\x80&\xa7\xca\x19 \
Y.\x0b\xc2.\xe9\xbd\xf1\x83\x80,\xc6J\x89\xba\x1c\
\xfb%@\x15\x1b.\xac\x95-E&2\xdf\x84\xa3:\
\xaa\x11\xf62E\xb8\xbb\xaa\xd2\xdaI\x0e*\xa7}n\
+m:l\xafO\xe9\xddm\xd5\xc3\xb5k\xac\xf7\x18\
`\xf1\xf4&\xd6\x9e\x96\x10)\xcd!Yb\xe1\xa4V\
\xda\x094\xd4T\x09j\x11\x22\xa1\x14\x19\x90\xfacl\
]V-\xdeHz\xdbcS\x1f\xc9U\xe9l\xb8O\
\xc6\xf7C\x06\x02T\x81F\xad\xef\xa6~\xbbdE\x00\
\xe0\xb4\x95\xaa%)\xf52U\x84\x1dQ\x1a`}\x9e\
*#Q|HsQ\x0d\xa7$\xc5\x9f\xd4\x83\x04\xb1\
\xca\xf8j05\xc0U\xa1n\x17\xddh\xc9Cf\xfc\
\x16\x93\xa8\xf6LZ^@e\x22S\xc0Hd\x5c\xc9\
|S;\x84\xa0L\x88\x89\x00\xefaB\x9d\xe2\xf8\xe3\
\x0a\xb9\xfc\xd6O\x80\x99(\x07\xa8tq\xe0\xa4\x90\x17\
\xabU\xc2\x0f\x92\x03\xca\xfb\x12\xe8\x15\x00\x00\xef9\x11\
\x93\xf4\xbd\xeax@}\xecl\xc6Jb_A\x99\x92\
N`%\xc2L&\xdcpEaniM?\xb5K\
\xca \xd2\xf3\x04@mI\xbb\xb2J\xe19\x8a\xce\x01\
\x19\x8f7\xc8$\x13$}\x063<U\x86\xb6\x849\
\x13A\xb4\xc68\xbe\xf0\xdds\x8a\xe3\x049K\xaaA\
\xd0(&K\xb3i,\xea\xc6R\x18Q\x95)\xc6O\
\x1b)fq-\xcd\x81Y$2.\xf9 \x9c\xbd\xf6\
'\x80TL\x1d2`fS\x97t\x91\xec\xc4\xc6\xf7\
\x8d\xa4\x22WeT\xf19\xcfI\x0b\x10\xa1Q\x9a\xc7\
\xaa\xdf\x12\x11x\xe6\xe8\xe9\x96\xa1I[\x04\x0f\x81_\
x\xde\xc5\xb9\xe0J\xdf)Y\x0f\xa6T\x19~\xac\xdd\
E\x8f\xbag\xa8\xfd+^y\x83#D\x0e\xec\xfd\x12\
\x86\x97P\x83\xe1\xc8\x05\xf8\x1b\xaf\xbe\xccI\x92\xb5\x94\
4\xef\x14\x18\x0d\xb0\xcc\x7f\xbc\x96\xc2%C\xddy\x03\
.\xcbjx/\x1eX\xf5\x84TXR\x0e\xa9\x0cP\
\xaf\xab\xda@A\x19\x88\x5c\xdb\x81\x17\x16\xe0\xee|\x17\
t\x1e\xfc``q\x11eY\xead'\xa4\x89\x08\xeb\
\x8d\x97X\x902\x22\xb1\xaf\x80\xd9\xc4\x85I]b\x8b\
)AY\x16\x04\xc3d`\xc4[\x9aB&\x02y\xae\
\x00\x95\xc43b\xfc\x10\xc9\x8b#\xd4a~W\xb8\xb1\
\xb4i\xe2\x14\xb4GP\x12\x0e\x92,\x8c\xc6\x8b\x9aK\
\x89\xe3R\x84\x8b:\xb8\x9cS\xe2\xa2\xd8.\x8b\xffB\
`a\x89\x5c:N\xe9=\xcb\x18\xea\xa2P\xe7\xce:\
\x1d\x11@\xe0\xbd\x8f\xce\x22J\xe0\xb3\xe6\x81\x80K<\
\xa6\x0a\x1a6L#\xb5\x05\xc3T\x84\xc3UZ5x\
\x92\xda2\x9c\xc9\xfah\x88\x90\xe2$\x05\x09R\x9c\x86\
\x12\x84\xf4C\xa4d}\x1c\xaa\x0e\x04xy%\xa4\xd4\
6\x91KA`\xf2.\xb9\xaa\xbc$\xa3\xeb\x18\x02\xaf\
\xac+\x10\xc5v<j#3p0:CM\x0e)\
\x5cQ\x7f\xa9\xfe \xa2\xb6\xeb\x03\x8e\x11\x85>\xb5\xdb\
\x98\xfb\xd1I\xf0\x7f\xfb\x1b\x5c\xbb\x93\xe8\xcf\xbe\x1fq\
^p\xc9\x83]^z\xef\x90g`\x91L\x86;\x09\
\x10\x19\x009\x07\xee\xf7\xd18\xe8\xa6\x18}\xcc\xa3\xc0\
3\xf3@\x96%\x0e\xbf\xa4\x98\x1e/\x1dUM|\xc2\
<K\xf5\x8b\xcb\x14#\xf1\xb6Zh\x19\x11\xbd\x8dg\
\x97\xed'/\xf3}[\xf5,\xd7~\x0d\x0d\xac\x04\xdc\
f_\x96kk9\x98.s\xbfR\xc5V`\xba\xdc\
\x10mY\xb6\x89\xfa\xc3\xcb\xbc\xbc\xdc\x98\xb7\xd9\xe7\xad\
=W\x1f\xeb\xd6\xe6d[u\xd5\xfa\xb9\x5c\xd7\x97\xeb\
*P\x83\x9beN[iv\x09\xfe\xd4u\x00\xfb}\
ks\xbbR\xdc\xaa\x95\xb2\x84\x1b\x19\xc4\xc2i\xa7\xc1\
\xff\xe9O\xc0 U\x95/\xe8\xeaX\xe4[\x89\x19\xe7\
\xa2\xd9\xa8\x06\x15\x07\xad\x9e\xce\xc8=\x98\x09L\x0e\xdc\
/\xe0\xa7\xe7\xc0\xb3\xb3K$\xcb\xee\x92\xca\xb6X\xd9\
\xd6pnw\xd9]v\xa8\x88&\xde\xef\x87\xdf\x15Z\
\xf6\xe9{T?\x84\xaa\x03\x03\x00\x0a\xa3\x92\xa8\xe9\x1d\
\x9f[\xca\xe0\xc9\x05\xc9\xef\x5c\xf8\xdb]\x96-\xdb\x22\
\xee\xdd\x84\xbf\xbb\xec\xf4\x92e\x10s\x9b\x85\xa0\x11\xd7\
((\xea.\xc1\xce\x848\x17\xc3f/P\x5cX\x07\
S\x08\xa8\xd0\x95\x0eP\xb0\x7f\xaa\x81!n7\x02\xef\
.\xbb\xcb\xaeXj>\x04\x0d\x94\x82x>\xe2B\xbc\
\xbaN\xc8\xe7\x00H\x9c^v\xe9\xa8\xba\x8d2~\xb0\
uF\xed.\xbb\xcb\xee\xb2K\x95Z\x80\x8c\xc4\x1d$\
\x933\x1a\x03\xf1\x82\x07(w^\x22\x00\xc3*L\xac\
\xc9DE\x85\xdf`\x1f\xd6\x19\xd5\xbb\xb8\xbb\xec.\xbb\
\xcb\xaeT\xd8\xfb\xe0\xd0+a\xa3 \x89\xcc*\x87h\
\xf7!x\xc9\x93c\x89\xe1\x06\x94s\x08\xafH\x0b]\
b[\xd0n\xc7\xdf\xee\xb2\xbb\xec\xaaEVM]t\
\xf1\x11*\xcb\xc3v\x03\x9a\x94\x1c\x04\x1f7,\x84\xfd\
]\x1a\xc4\xe14\xcc\x22\x84`\x07\x06\xb0\xdb\x00\xd8]\
v\x97]\xb4\x90\x03;\x17?\x11\xbd\xfa\x92A\x11\x12\
\xd5\x00\x22\xf2\x9e(#\xe7\xd8\x81\x5c\xdav\x06\x89\x8d\
\x17f!\xb6\x81\xde\x06v\xb3\x80\xddew\xd95\x8b\
\x06N\xd5\x02\x1eL\xacuR\xe0\x19 \xb0\x0b\xc9f\
\xc5\x08\xd0\x7f\xc9\xc4u\x99e\x01\xec6\x01v\x97\xdd\
e\x17-\x1cw\xdf\xa6m\xf4\xe2\xd2\xe3x\xb9\x16\x84\
\xe4\x81\x9c\x10\xb6\x00\x84\xc7\xd5\xed\xaf\xc1\x8f\xf2J\xf8\
\xabs\x97\x95\x15\xef\xfdN[= \x22\xb8\xffr\xfc\
\xc1\x7fs<\x5c\x86\x8c\xce\xff\x156lc\xdci\x89\
H\xd9\xe5\x0a3\xc3\xefD\xa7\xf5\xae\x80{\xdb,\x95\
\xdd\x90\xd6\xf0\x8f\x8b\xfa\x0c\x13\xd5M\xf0\x0e\xc8}\xbc\
\xa3S\xab;\x05\x96f\xa1af\x13c\xbc\xc2>1\
\xa3\xddn\xa350\xa0\xcb\x14v\xbf\xc8\xea\x0a\xa1\xd7\
\xebb~~\xfe\xbf6\x11\xcc\x8c\xe1\xe1ady\xae\
\xb1\xf6K\xa2\x8d\xcdE\xdd^\x80\x9ab\x16\x97Z\x8b\
\xa2\x8f\xb9\xb9\xb9j\x1c\xf8\xd6\x0a\x11\xf2\xd1Qh\xbe\
\xc6Jh)\x00\x1b\xd3\xbe\xf4e,\xbd\xb9\xcc5\xb3\
\xa9\xa8\xba%\x95\xf5\x93\x00p\xbf\x1f\xf65\x94%P\
\x96Qj\xb8\xb47\xe3\xbf\x5c\x98\x19\x8dF\x03\x9dN\
'\x85\xc4\xd6\x86\xb4\x04\x8c*7\xd3.\x0f\xb9ID\
(\xca\x12\xf3ss7\xe40VY\x82\xaa\x9e\xb4\xf7\
\x10\x00\x1c\x87\x17\x03\x82$\xed\x08\x83\xbdwy\xc6\x9a\
0\x834H8B\xc9)\x18\xe2\xde\xf9\xa8b\xac\xb4\
x\xef\xd1\xe9tp\xf2\x8f~\x88\x9f\xfd\xe4'h\xb6\
\xdb\xf0e\xb9d\x97\x9e\xd2\x0dC\xf7\x05\x07\x9eE\xba\
fI.\x10\xcbQ\x0fy\x18\xee{\xe4\xfd033\
\x83,\xcbv\x04J;\x5c\x04\xa9>\xf0\xbe\xf7\xe0\xa2\
\x0b.@\xa3\xd5\x82/K\xc0\x11\x1c\x08>m\xff\xab\
\x8c-\xec\xec\x0c;\x1e\x1d\x01\x14\x99W\xbf\xd7\xc3-\
ou\x18\x8ey\xfa3\xd0\xed\xf5\xb6\xce\x04\x98AY\
\x86\xfe\xec,.|\xef{\x90\xf5z\xa0\xcc\xc1\xc9\xe1\
\x1c\x1cv\xc7\x01\xd0\x1d\x96\xb2\x93P6Di\x10\x98\
\x22I\xc5\xb1\x13\xef\x07*\xd1M`y\x06r\x0ey\
\xa7\x83\xc6\xda\xb5\xc8\xd7\xad\x07\x86\x06\x81\xbc\x81\xe6\x9e\
{\xc2\x8d\x8c \x1f\x1aB68\x18\xde\xe9\xf7\xc0\xbd\
>|Q\x84\xb1\xfc\x97\x98\xb4\xf7\x1e\xedv\x1bg\x9d\
q\x06>\xf7\xd9O!\xcb\x1bAp\x09\xc1s$\x12\
\xc9\xcf\x1b!\xc0\xb2\x0bS`\x12\xe1\x90\xe59z\xdd\
\x1e\x0e\xbc\xf1\x81x\xee\xf3^\x80\xa2,W\xc6\xb0o\
\xe0\xa298d9\x10\x09?(\xca\xfe(\xd6\xd91\
\xc31\x90\x07B3\xba\x01sER\x81R\xe0\x00\x00\
\xd4\xeen\xb303Z\xad\x16\xfe\xf1\xf7\xbf\xe3\xcb\xff\
\xf7E\x8c\x8d\x0c\xa3(\xe5P\x12Y\x9e\x88\x1c6\x9a\
\x17\xe1\x12\x1b\xe9\x1a\xae9\xe7P\xf6\xfb\xf8\xcb)\xbf\
\xc7\xcdo~2\xd6\xae[\x87~\xbf\x7f\x83OD\xe6\
\x1cN:\xe9$\xfc\xeb\xaf\xa7bdx\x18\xa5\x8fY\
\x8f\xe2\x0e\xb6\x0aAE\x8c#\x92]\xda2\x22\xc0\xe5\
9\xe6\xa6gp\xed\x03\xee\x8fg\x1d\xfb\x5c,v\xbb\
\xdb\x1c\x0be\x19\x8a\xf9y\xf4\xbf\xf7=4\xbb\x0b\xe0\
,\xaf\x99!\xba'\x11Ne@h_\xb4\xbc\xe4\xda\
5;\xcf\xa2\xe4K\x9b\x80e\xb7\x1f\xc3\xc7gJr\
\xe89\x02;\x07\x22\x0a\xd7GF\xc0\x9d\x0e\xdc\xfa=\
\xd0\xb8\xf1\x8d\xd1\xba\xd5a\x188\xe4`\xb4\xf6\xdd\x0f\
\xf9\xe8(P\x14\xe0n70\x03'\xe9\xc1n\x98\xc2\
\xcch6\x9b\xb8\xf4\xb2K\xf1\xa5\xcf\x7f\x1ec#C\
\xe8\x97\x8c\x10\xfaB\x09\xefj\xf0s\xe4\x94=\x068\
F\xb2 \x87\xd9\x99\x19\xdc\xf1\xf0\xbb\xe2y/|Q\
\x88\xbd\xdf\x05K\xf2\xe0\xc1\xc8!6c\x0e\xb4lO\
\xcd\xca\x99\xc9\xa5\xa4\x04*\x19$\x0c \x14\x0a\xff0\
\xb9U\x13\x9c\xf7\x8cN\xbb\x8d\xf1\xf11\xac\x19\x9f\x08\
[\x88\x0d\x92Y\xde$\xfb\x9dS\xb1\xba4\x90g9\
6^{\x0d\xde\xfb\xce\xb7\xe3\x83\x1f\xfb\x04\xba\xdd\xee\
\x0d\xaf\x05\x00\x18\x1b\x1d\xc5\xfau\xeb044\x18$\
\xaf\xdd/\x1f\xfb\xba\xecv]@\xbfgY\x8e\x81V\
\x0b\x83C\xc3\xb51o\xada\x069\x87\xe6\xf88\xdc\
\xe2\x00\xd8ea\xe1V&V\x17{\x0d\xadq\x15\xce\
2\xbf\x9aAGy@\xccl+\x9d7\xfa\xb2\x91\x8f\
\x90\xc8\xb2\x9c\x18<?\x0f\xcc\xce\xc2_~\x05\xfa\x7f\
\xfb+\xba\xdf\xfc&\xa6\x87\x87A\xfb\xee\x8b\xd6\xe1\x87\
c\xf0\xeeG\xa0s\xc8!h\x8c\x8e\xc2/,\xc0\xf7\
z\xa0\x1bp\xaeD[[\xb7v-FG\x86P\x94\
\x09Va<\xd6\x9f\x01\x9d'\xa5\x818\x87L\x84\xcc\
9tZ-\xec\xbb\xd7\xdep\xbb\x88\x89\xb3\x5c\xd1\x0c\
\xcep\x91\xa5\xa7\xad\xfe\x11?\xd9,\xf9\x13\x18\xc8%\
9\x05'\xfcI\x1b\x01\x01C\x7fT\xe3,+-a\
o|Y\x94(\xcb\xf0\x97\x98/\xd7\xcc\xd0\xa56\xa9\
\xb5\x9d\xcb\xa2\xc4\xe8\xe8(~\xfc\x83\xef\xe3\xbe\xf7\x7f\
\x00\x1e\xfc\xd0\x87azj\xea\x86e\x02\xcc(\xfb\x05\
\x8a\xa2@Yz\x94\xbe4\x9cr\xb9\x9e\xab,6\xdf\
\x00\xa0D\xbf,V\xed\xa4\xe2\xb2\x04\x17%\xd8qM\
\x82U[\xae\xfe\xa8\x12t2\x0a\xe3m\x12\xf7A\xda\
\xdfn\x14BH\xb7\x85QxD\xf5>\xcb@\x8d\x06\
@\x0e\x19\x18\xe4K\xe0\xfc\xf3\xd0=\xebL\xcc\x7f\xed\
k\xa0\x03o\x8c\xe1\x07?\x18#\xf7\xbf?\x06\xf6\xd8\
\x03\xe5\xdc,\xb8\xf4j\x02]\xbf%\xe4V(\xca2\
\xccSYV\x91\xa9R\xb62O\x9a\x08&\xd4\xe3%\
\x87\xe4\xaeZ\xcc\x9c*\x83\x8b<\x8d\x93\x02\x0a@\xb3\
\xa7\xc1y\x9b\x05\x22\xe4\xc8#\x89\x1e\x22\xa0\xba\xb4\xc8\
\xd8J\xa2\xc5m\x152\x1f\xac\xbdQ4e\xfb\x94\xe9\
J\x1cI\x1d\xdc\xcc\x8c<\xcf\xf0\xf1\x0f}\x003\xd3\
\xd3\xc8j\x19P\xae\xf7b\xf6R'\xb5[I)u\
\xdc23\x96'\x85\xf2\x82\x89\x03\x0e\xb6\xc1\x8aP\xca\
<\x14\xb2\xbb\x19W\x8f\x85g\xbc\xa0\xea\xa0\xe9\x97\x12\
w\xf4\x05\x88? \xf9\x5c\xbc\xbe\x15\x12\xb8\x98Y\x11\
M\xc7|'\xef\xc1\x9e\xc1e\x01.\xcbp\xd8\x5c\xab\
\x0572\x82V\xe6\xd08\xff\x5c\xcc\xbf\xf7\xdd\xb8\xfc\
\x98\xa7\xe1\x9ao|\x03\x0cB>4t\x03\x85\x94/\
\x93\xfa\xcd\xca\x97\xca\xa7\x91~f\x9eHRK\x0b\x98\
<\xd7\xe5\xd3.U\xd2.@\x19\x91f\xa2\x22\xa4\x9d\
\xbe\xa4\x8f\x22\xf8\x01\x02\xb3\xa3\xf8x\xc8!\x14>c\
\x85\x81\x11\xc4\xec:\xbc\xca\x89\x8b\xea\xa9\x8bj\x7f\x88\
&\x0e\xb2D2\xbeHJ\xe8p-\xf40\x064%\
+$^\xf7%\xa3\xd3\xe9\xe0\xac3O\xc7\xc7?\xfc\
A\x8c\x8d\x8dE\xb3\xe2\x86+\x04\x86\xd3\xb1\x10\xc4q\
\x16\xfc^d\xc6\x19a\xe7D\xc5\x0e\xef9G\xf1\x13\
!-\xf4J\x90J\xd9y\x9a\xc5\xa8\xcd\x99M\x1c\x89\
k*\xbf0\x0c\xdc\x1e\xa6![G\xd3M@\xf2\xf7\
\x93T\xae\xef!\x8e\x11\xaaAh5\xe0t\x1f\x08\x83\
\x11Go\xb3\x85lx\x18\xcdk\xae\xc6\xec\x09o\xc5\
\xc5O?\x06\x9b\x7f\xfdk\xd0\xe0 \x5c\xa7\xa3K\x9a\
\xd7[\xe1\xb8\x19\x8e\xaa\xc3%\x0a\xa9\xca\xe5\x9a\xe2]\
\xfcs\xa2\x02\xcb\xb3\x14p\xd19A\xc8]\x93\x0b\xd4\
\xc7\x11\xe7\x8c\x85\xaf1\xab\x05\x00\x10\xe0@\xec\xc0\xec\
\xa3g\x94\x93\xcf\xdd\x08\x958\xd3\x1c\xed\x09k;\xad\
\xbcg\x91\x9aMWU1\xa0\xfa\xb5\xc8y\x98 \xc7\
`\xa7t^\xe1wQ\x96\x18\x1d\x1d\xc3\x97\xbe\xf0\xbf\
\xf8\xf3\x1f\xff\x88\xe1\xe1\xe1\x9d\xba\xde\xbb\x82\x01\xa5\xbe\
\xd6\x9c\xa6\x22y\x09PO\xbc\xaa\xe0\xa0\x0a\xb1\x07A\
J\x06\x06\xdbnRk\x97\xe7\x19\x91K\xc7$\xdcF\
\x02\x88-\xcb\xda\x9bd\xeaI\x97\xea\x9c\xa7&\xf0\xec\
Hj\xd7R\x9da\x1c\x95\xb4\x97\xe6\x19\x0e\x9aA\xa3\
\x89\xc6\xe8(\x1a\xe7\x9f\x87\xa9W\x1e\x8f\xcb\x8e?\x1e\
\xb3g\x9f\x85ld\xa4\xaaY\x5c\x0f\x85u\x9e\xc2g\
\xeau]\xf8T\xc7\x97\xe6\x84mE\xe6\xdd]\xafh\
\x00PRh\x80\xf85R6G\x94a\xd1\x08\x9dC\
\xcc\xa7\xcbq\xab\x0f3\x81\xd99\x8e\x99\x01\xbcWu\
\xcf1\x03\xd9\xea\xf2\x01\x08\xea\x85\xe0\x99\x90\xc7\x8c\xbd\
\x87\xaf\xfdq\xcc\xe1\xa7\xcf\xb1</\xf7|X\xcaa\
\x86/=\x88\x1c\xba\xf3\xf3\xf8\xc0\xbb\xdfy\x03oQ\
\x0e\xaae)R\x8e\x83\xad\xe9Y\xc6\x12|\x1e\xcc\x0c\
\x8f\xf8\xdd#\xac\x99\xc7qy\xf3<V\xa1Q1B\
=\xa4)\x9c|X\xf2a\x1f\x9c\x8e>\x5c\x0b\xb7\xe2\
5U\xd5\xe3\xd2\x90\xc4r\xe8\xbc\x96\xa1\x8e\xd2\x83J\
\xafu\xb2/\x01_\x06\xbb\xde\x97\xe1]\xa9#\xbe/\
c\x02K<\x80\xd91\xea\x83&\xa0\x1a\xc1b\x17h\
4\xd1h4@\xbf\xf89\xae=\xe6i\xb8\xfaK_\
\x02\x0d\x0e\x82\xb2l\xd5\xf1%+\x85XQ\x94\xb1\x9f\
\x11\x87\xe2\xf8\xd3|y\xc5G ,\xa7\xb2\xe7\x84w\
>\x98\x9d\x9e=\xb2\xcc\xe9\xd2\xe0\xaeX(\xce51\
\x03%\x07<a&b9:\x85\x22}+\x7f\x8b\xd9\
\x0f\xa3\x84\xd2\x5c\x22\x86\x1dV\x96\x00E<\xac\xa2\xb0\
VhL\xc8z\xc7ikZ\x05\x01qQK\x9a\xf6\
\xf1rY\xf41:6\x8e\xbf\xfc\xf1\xf7\xf8\xc6\xd7\xbe\
\x82\xf1\xf1q\x14E\xb1\xba\xce\xed`\xd1\xd4\xd2Q\xb7\
\xd25e\x91#d%}5,C\xa4)\x00E\xcc\
\x95\x95$\xc5c'\xb4RU\xbdEL\xb3x\x80\xad\
\x1c\xa7\x9a\x1c\x87\xda\xbc\x96\xf4tQ\xc3f\x86a\xc4\
\x18\x10\xdb\x03#\x19\xd5<\xe1$\x81d\x85\xc7\xce\xb9\
\x10\xdc\xd0 \x1a.\xc3\xc2{\xdf\x83\xcb^\xf7z\xf4\
\xfb}d\xad\xd6Ng\x02K\xf1\xcd\xacup\x92\xfa\
,\x06\x9a\xbdFf<\xb1\x12\x11R\xbb\xa6\xfc\x0f%\
9m#\xb6\x99U \xb5\xea\xd5\xe0\x0e{\x86B*\
 \xb9-K\x09.\xee\xfe\x8b6-\x1cU\x93\xf7\xaf\
\xa2G\xbe\x0c\x9e.\x8a\xeb\xc8\xe4\x08..)\xca\xb2\
\xa2\x13\x93\x93\x9c\xfa\x07\xac=C.\xbe\x17Q\x99\x9c\
C\xe9K\xb4;\x1d|\xecC\x1f\xc4\xc5\x1b6\xa0\xdd\
n\xdf\x00\xa6\x00##\x17}\x00\xd1\x96\x8c6=\x08\
\x90=\x94\x14\x0fVu\x14\x82\x7f\xd4O\x00\x19\x13\x81\
2\x87\xcaR\xcdv\x9bN\x01RA\x8f\x8b\xf3\x844\
?\x1c\x8f\xef\xe2\x08/\x98i\xe7\x0a@\xed\x1f\xf4=\
\xad\xbb\xf6\x9d\xe3Z~\x05G(\x88\x0c\x8e\xef\xb3\xab\
\xe3\x11D\xd36\xc7\xbd\x11\xe0Kx\x22\xe4#\xc3\xf0\
\xdf\xff\x0e.\x7f\xf1q\xe8MN\x22\x1bh\xeft\xbf\
\x009\x17\xe7 \xc1\x1e\xe2\xa7\x11_\x0c%\xdb\x1fP\
\x90\x84\x00/J\xcf\x1a\xc7\xc7\xaeY\x08\xa0\xccE\xb8\
\xbb\xa8\xfb\x83#qq\xa4i\x16\x87\x1e\x13\x91\xa34\
Q\xc2\xf0\x13\xff\x16\xe4\x88\xde\x9f\x1d\xca\x07@\x12\x99\
\x16\x1daD\x15\x07\x8b|\xa6Ns\x9c\x09\xf3\x8c\x10\
=\x10\x92\x98\x99\xc9h\x0e\x0c\xe0\xaa+\xaf\xc0;\xde\
\xf2F\xe4\x8d\xc6\xce\x02\xe5v\xc6$}g\xed\x99\x1e\
\xa7`\x98\x1a\xe0t\x0b\xb5\xba1\x22\xb6\xe9\x88$\xd5\
\xdaJJE\xa2\x91\xae_\xcb\xf9wj\xeb\xc7\xf6=\
\x92\x80\x16\x86a\xb5\x10I\xf7\x96\xde\x83~\x1a\xe1\xaf\
mZ_\x82~Rb0Z\x87\xab\xd5E\xa6=}\
\x8f\xe1\xcb\x12n|\x1c\xf9\xbf\xfe\x85\xcb\x9e\xfb\x1c\xcc\
_v\x19\xf2\xa1\xa1\x9d\xc7\x04(\xc1\xdd2<\xd2\x18\
\xd7\x083\xb2\x0e\xce\x88o\x94\xe6U\xe6\x93HL\x80\
\x9d\xd3\xbd\x9d]4\x12\x5c\xe0\xac\x0cY\xafq\xa2a\
\x86#\xc7\xce33\x19}U\x97\x878\x22Wd\x07\
^\xbd\x0a;`\x03\x08#\x11\xc4\xd3\xba\xb9\x86i\x9c\
\x16(\x09\xb0\x94QAF\xe1T\x0c\x14E\x81\xf1\xf1\
q\xfc\xf4\xc7?\xc2\xf7\xbe\xf9\x0d\x8c\x8e\x8e^\xef\xab\
\x02\xb6\x1fu\x1f\x96\xed[\x22\x19\xfb\x22\xc7\xafV1\
]aQ\xfe\xcbI\x1b0\x95\xeb<V\x96\x01\x91L\
\x93\xf8\xc7\xb2\xf6H\x00\x5c\xa6k\xfap\x19\x90g \
\x97\x85\xa0\x9d<}j\x22\xd8,\x0b\xd9\xa1\xa5\xd7\xd1\
\xf7\xc0\x06 \xc9R\xa4p<\x9d\xc1#\xe8\xf7\xd8\xcf\
\xa2\x04\x0f\x0d\xa1\xb1\xe1B\x5cy\xdc\x0b0w\xc9\xa5\
\xc8v\x12\x13\x08\x9a\xa4\x9c<h\xfa\x98\x10\x0c\x82\xd6\
\xc9\x5c\xe0Z\x1d\xd5+\xbb*\xf1\x03\xd1<6\x1d\x8c\
>\x00\x80\xc1Bkr>G\x98\x0a\x8f\x9c\xd2b\xaf\
\xf29\x0d*fa\x16Qz\x0b\xd1\xae\xaaD\x04\xb1\
\x8e*2\xf7\x22\x88E\x9a\xe9e\xd4\xbe\xaa\x0d\x1aB\
n\xe5\xc0\x0db\xa0,\x0a\x0c\xb4\x07\xf0\xc1\xf7\xbd\x07\
w\xbb\xc7=1:>\x86\xa2_\x18I\xbc\xf3\x8a8\
\xfe\xe4\xe0\x0ff\xae\x9c\xd0\x02J\xf1\xf7\xa2N\x85\xf7\
\xd2'Q\xb2<\xe1W\x0eS\x8a\x04%\xc6\xaa\x1e\x17\
ea\x1a\xab\xd2\x83K%<YlW\xe1\x05\x19\x01\
\x8b=\x94\xbdn\xc5} Gu\xe9\xb8DB\xc6\xea\
\x1d\x11(\xcfA\xcdf8,\xc6\xfb4\x8eX\xb9D\
\x0d\xca\x15\xebG\x82(o\xf6\xe8\xa5~\x1f\x18\xe8\xa0\
u\xc5\xe5\xb8\xecY\xcf\xc0\xde\x1f\xfc0\x86ov\x08\
\x8a\xb9\xb9\xeb\x1c=\xc8\x12-\xc9\x00\x91\x8f\xb6~\xc4\
;c\xf4G4OZ\x96u\x08\x80uN\xaf\x07\x94\
\xdayE\xe6\xd8'a \xe7\xed\xc6\xe3\xd5B, \
\xc9\x01T\x8c\x9c\xc9\xe0&%\x9c\xa6\x8a\x04N\xf2d\
G\xc7\xaf\xc7EW\xb0P\xd4{\xb1m\x97y\x0f2\
1\xa4\xef\x91\xab.\x9e{f\xb4\x07\xda\xb8\xe2\xb2K\
\xf0\xa1\xf7\xbf\x17\xef|\xdf\x070\xb9e\xcb\xf5\x12!\
(*\xa2\x84\x84\x92\xa8\xd0\xd1\x1c\x10\xc4I\xd9W\x84\
\xe8\x11\x19B\xf8\x92\xa4\x0e\xad\x9cQ\x91p\xe9\xc0q\
\xf4\x00\x97\x08S\xcd\xe2\x98&\xd0v<|2\x80\xcc\
\xa1\x5cX\x00\xed\xb3/:\xf7\xb9/\x1a{\xed\x85\xd2\
\xfb\xf0\xbegp\xbf\x1f\xeah\xe4\x80\x0f\x0eEb\x8f\
\xe2\xdak\xd1\xbf\xfcr\x14\x97^\x0a\xbe\xf4R\xd0\xd4\
$\xb2\x81\x01\xf0@\x0b\xde\xfbhC'3#\xf4\xd1\
h \x22k\xa4{\x96\xe0\xca\x02\x18\xec\xa0\xbdy\x13\
\xaey\xe5+\x90\x7f\xf6\xb3\x18\x98\x98\x80\xefvwx\
S\x91\xc6\xac((\x5c\x04\x85\x10\xb4\xc8>\xe5z\xd0\
\xcdT\x90y\x95*v]\xef\xbf\x14\xa2\xe8\xd0\x15N\
\xc5l\xa2\xeb\x85\xd3\xc5\xe3y\xe3\xb8r\xf2p\x8e\x19\
%\xeb)\xe7\x1a\x9a_!|\xe1.\xab\x84\x81\x04\xca\
x]\x8a\x01\x08^\x9c\x0c0\xb2'\x12HT>\x94\
\xa0\x10\xa5F\x08BU1\x053y \xf4z}\x0c\
\x0d\x8f\xe0{\xdf\xfa&\x1e\xf6\x88G\xe2\x8ew\xbe\x0b\
\xe6\xe6\xe6\xae\xa7m\xc3q\x99\x08\x12\x18)\xdbm\xa2\
\xf7\xdd'\xc2\x17\xff\x87W\xe4\x09\xe8\x95\xc9\xb8V\xd3\
=U\x9d=\x88\xb2\xea1\xe8\xf6(\x18$M\xa5r\
\xee\xa40\xcf\x85\x05d\x07\x1d\x84=>\xfc\x11\xb4\xf7\
\xdd/\x1e,a\xd5\x98\xad4\x1f\x97\xd0\x8a\xd9Y,\
\x5cp\x01\xe6O9\x05\xf3\xbf\xfd-\xf2\x0b/@\xab\
\xd1\xc0B8r\x1a\xaa=\x8ah5\x04\x06\x88F\x10\
\x15M\xcb\x05\xba}P\xbb\x8d\xc6\x86\x8bp\xed[\xdf\
\x82}\xde\xff\x81`zx\xd9\xf6\xb8\xbaB\xce\xe9\xd2\
'X\x18\x02)\xf1\xb3\xd4\xcb\xe9LD\x81\x133\xd2\
!\xa6>\xa9\xcd\xbbr\x09g\x5cF\xcdRa\xcd\xf6\
 d}\xd2E%\xd2\xb1]\xfaC\xe4\xceI<\xd5\
\xd4q\xae\xd7\xb4\xd2\xaeA\x01\xaf:\xaa\xc8\xac\xe8\xc4\
\x12\x95+v\xa6\x12\xcb\x0ch$C\xd5|P}7\
JG\x82/\x0b\xbc\xff\xdd\xef\xbc^w\x0a&\xdf\x85\
\xf4\x99\xb4;\x22\xdd\x04V\xf5-\xfa\xa4\x88\x8fh\x1f\
\xaf\xb2q\xe1\xd2\xd6\xa60\x13\x0e\x92\x90\xdf\xc8\x08\xa2\
D\x13&\x0a\x22\x94\xbd>F\x9e\xf2T\xb4\xf7?\x00\
\xc5\xc6\x8d(\xa6\xa7QLM\xa2\x98\x9a\xda\xe6\x9f\x9f\
\x99\x01\xcf\xcd!\xcfs\x8c\x1ev\x18\xf6|\xd1\x8bp\
\xe0\x17\xff\x0f\xbd\x97\x1f\x8f\xb3z=\xacqa\xc96\
F\x96%G\xa0\xf9'\x1d\xcdX\xc5&\x95\xba\xfd>\
hl\x14\xfc\x9b_\xe1\xaa\x8f\x7f\x0c\xd4\xe9\xec\x00\x90\
\x044\x11\xef\x22\xdc\x10\xe7\x85H\x0e\x06\x0d8)&\
\xa8\x08$\x91\x90\x89\x0c\x82\xdfD\xfd\x08\xbbh\xa9\x90\
\x06\x0cJT\x9e\x0a\xd0\x90\xb18r\x8eY=\x84a\
\x16<\x81\xd9,\x03\x02\xd0\x88\xb3\xd5\x89,\xd39\x02\
\xc8\xc9d\x90j\x06N\xbd\xaeN\x1f\x0cs\x91Tc\
\xf1\xc8\xa6\xc3\x22I\xef\xa7U\x850\x99C\xc3\xc3\xf8\
\xeb\xa9\x7f\xc6\xa7?\xfe1\x8c\x8d\x8d]/\xb1\x01\x8e\
\x9cz\xf3\xb5\xcf\x04]\xe6\x04\xd22g\xba\x17\xc7H\
\xa8\xae7\xc1\x10\xf3\xf6\x8a\xf1\xa6\xa7%:\x97\x96\xea\
\x08`\xd8\xe5:\x17\xbd\xf0\xf1Z\xe6\x80\xb2\x00\xd6\xaf\
\xc7\xc0\xadn\x0d?;\x0bj4@Y\xb6\xa2?9\
\x0d\x8a\x99Q\xcc\xcf\xa3\xb7i\x13FFGp\xca\xe2\
\x02\x8e\xbd\xea\x0a|ba\x11-rh\xe49z.\
\xf4\xcb\xcb\xea\x03!\xfeF\x5cr\x0c\x9f\x1c\xf0\x0d@\
\xbcG\x04_\x14p\x13\x13X\xf8\xfc\xe7\xb1\xe5\xa7?\
C6<\xbccNAc\x1e\xc5\x99\x83\x1e\xec\x19W\
_\xc8-\xc5#]\xa9!\x8a\xcf9\x90\xcb\x92V\xb5\
\xfa\x9e\xdc0%.\x03\xebrk\x807kH\x98#\
\xf6\x04\xd5\x13\x00\x82\x13\x9b\x00:Q\xb2\x5cDj\x0f\
\xd85\xe2\xd5\x8e>\xca\x82\x10#o\x08\xd7.\x99\xd9\
\xb8z\xa5qX&\xa0\x86X\x5c\x06\x84!.R\x8d\
\x01D\xf0\xa5\xc7\xd0\xd00\xbe\xf0\xbf\x9f\xc5\xf9\xe7\x9e\
\x8bv\xa7\x83U\xef_\xd8^\xa90\x1f\xc0!1\x03\
\xcb\x18*\xe3\x14d\xb4\xcc\x8cVA\xfcQ\x93\xf0\x22\
\x99\xe4}\xcb\x0c\x84\xd0\x84!\xcawDi\xe0\x1c|\
\xaf\x87\xfc&7Es\xaf=\x83\xad\xbf\x83Z\x129\
\x87\xac\xd1\xc0\xe2\xfc<\xfe\xfe\xcb_b\xb45\x80\x13\
\xfb\x8b8nj\x123\xdec\xc89tE\xec\x9a\xfe\
\x09\x13K&\x9f\x0c\xcf\xe0\x18\x82\xc9\xd8\x1ahb\xf3\
\x87>\x80\xc5k\xae\x86k\xb5V\xad\x09\xc8\xd3\x94\xba\
\xa1pW\xa1\x02\x8b\x8f\x80,\xf59s?\xf4\xd6\xc0\
\xe9z\xd2,\xaf{I\x82%i1\xca\x10\xe2Q\x1f\
A\xf5\x8e'\x9c\x87S\x01*U\xa8\xcdm\xeeH\x90\
\xb8U5WZ8.\xed%C4\xb6c\xbc\xe8\x80\
\xc5\x04D\xed\x0c\xe2\x94\xb1\x83\x0b\x11\x5cbN$\xf5\
2}\x86}\xe03\x93[\xf0\xeew\xbc\x0d\xcdF\x03\
~\xd5;\x18\xb7]\xc8\x0cG]\x98b\x8e{_\x85\
\x9d\x8cM\xc6S\xb1\xa2V\xd3\xafH6\xc2$U\xe3\
O^n \xf1\xe7\xba\xfa'\x8fpY\xc2\xad_\x0f\
\xd7l\xee\x94\x1dy\x85\xf7\x98\x9a\x9b\x03\x9c\xc3\xda\xcc\
\xe1Bx\x1c75\x89\x8b\xfa}\xacq\x19z5E\
_>D\x99N\xa4d\xf4VB\x08\xc7m6\x91_\
q9\xae\xf9\xec\xe7@\xcd\xd53\x00 \xe1\x0f\x19\x07\
\xa4\x8bv\x7f\xed\xd1h\x86\xd6l}\xb5Lm\xb6\xa7\
]\xd5\x10\xe0%]3\xe23\x91\x95\x01\xbbK\x1a\x8d\
\xd8\x8c\x5c\xc1\x1e\xb2\xe8L\xb4\x83\x1e\xd9\x88\x04\x82\xbc\
\xd2\x13p\x8cVK\xbdT!\xa0*?\x12\xf7\x06\x99\
\xe7C\xbfH\xde\xd1:\x81\xb2,0:6\x8a\x9f\x9f\
\xfcc|\xe7\x9b\xdf\xc0\xd8\xf88\xcar\xe7\x98\x02\xc6\
\x97\x97$\x0b\xa0\x96\x11\xc5\x1dc\xaa\xd5T\xfaGI\
\x8b\x89\xcf\xac>\xc1\x844*\xb6\xaa\x04\xab@\x84j\
\x84\xa5\xcc\xa7y\x0d\x81\xb0\xf2}\xf6\x81\xcb\xf3\xaa&\
\xb3\x03\x7f\x0c\xa0\xddn\xe3\xe67?\x14eQ\xa0\xcf\
\xc0\xb0s\x98\x02\xe3U3S\xf8w\xbf\x8b\xb1,C\
_\xbbn\xe6\xba\xe2\xe0\x09\xf7\x82k%\x09\x0a.=\
\xdc`\x07\xdd\xef}\x07\xd3\xff\xfeW\xd8A\xb8\x0a\xa6\
\xa5\xd1\xa40s\xe1\xd2=\x0bQ jo\xc6\xad\xa3\
&B4Q\xd3+\xbb\xa8\x06\xc0\xd5q\xc5K\xc9\x12\
\xaa}\x07\x07?'\x03\x80\xb7\xb3c\xb43\xd1\x1aX\
.\xee\x00\xf3\x0b\x9d\xa8b\xa2\xee2\x13DP\x0aN\
\x91\x82\x22#\xec\x90\xc4\xff&\x8a\x99eq\xd2\x16\x00\
\x94\xde\xa3\xddi\xe3\xa3\x1fx?\xae\xba\xf2J4[\
\xad\x9d\xb3\x8c#\x92\x9fL\xb3\x82\xd0*\x9a#2\xb3\
Q\xf5\x97\xbc \xcf$\x98l\xbfmR\xf5\x0e\x16\x9e\
\xbctb+\xc4%0'\x0a9\xfe\xc6\xc6\xc0\x1c6\
4\xc9\x86\x98\xd2{\xf82\xfe\xc9\xb5\x98H\xa3\xfe\xe7\
\xe5{\x11\x12\xa3\x1cq\xaf{\x03Y\x0e\x00(\x98\xd1\
\xc9\x1c\x8a\x8cp\xfc\xcc\x14\xce\xec\xf71\xe4\x1c\x8a\x14\
Z\xa2cQ5U\xc1\x16wV(\x1c\x19\xdeeh\
\xf4\xfb\xd8\xf4\xb9\xff\x0d\xfd_\x19\xa4\xcc\xd8\x8d\x82\x14\
\xab\x15\xc7\x9e\xe2\x0e\xc1\xcca\x05\xb2\x8a\xff\x00v\xba\
&\xb9\xb3KJ\x07\x0eTpj\x19\x85'\xde\xe0\x9c\
\xbcw\x8eU\x15\x10\xea\x84\xb8\xaf\x13n\x87]^\xb4\
J\xb5Ql\xad\xd2\x87\xddsKc\xf5m\xacU\x98\
*\xb5\xdd\x00\x83\xec\x9c\xba\x06a \xbc\xe4^x:\
\xb4\x977\x9a\xd8\xb0\xe1B\xbc\xf5\x0d\xaf\xc3\x87?\xf1\
)\xf4{\xd7}e\x80\x000\x07\xe2\xf0\xb2k,\x08\
\xe4$\xe1lrP\xed\x9e\x99\x82\x88\xc8\xba#p\x85\
*%\x01\x08I\x5c#\x0c-C\xe3\x04\x95t-U\
M\x00\xca~\x1f\x83\x9d6>\xf1\x85\xcf\xe1\xaf_\xfe\
\x02\x1a\xfd>@N\x97\xc3\x04\x9a\x9a\x13P\x96\xbe\xac\
\x92\xa6c\x0c;\xe4\x9c\xcb\xe0\xbd\xc7@#S\x87k\
\xafdd\x08\xab\xee\xef\x98\x9a\xc4\xa7F'\xd0p\xd0\
X\x01%0\x92%S\xe1\xaaq\xb6\x05\x96\x0cP\xbf\
\x0f\x1a\x18@q\xcao\xb1\xe5W\xbf\xc2\x9a\xfb\xde\x17\
\xe5\xcct\x88Z\xdcN\x91L>\xb2\xabT\xc3xe\
\xbeX4\xa4*\x1c)\x9a()\x98\x89P\x96\xa5\xee\
\x0b\xb01\x04\xbbT\x89\xf4\x19\x5c~>\xd2/S\x1a\
\x9e\xd2\x1ag\xcc\x00\xbc\xcbe\xb82\xfdd\x89I'\
_\xa4\x8c\xb5\xe7VW\x82e!\x19g\xa2_\x80d\
\x15?\x91n\xb2\x0dmO\xd2d\xe8\xa4\xa9\xc4\x90\xc9\
\x82\xaa@\x0c\x0fbB\xbf(026\x8a\x93O\xfa\
\x01~\xfc\xe0\xa3p\xd4C\x1f\x86\xa9\x9d\x90BL\xc2\
\x98Sxi\xba\x1e\xfa\x9e\xfa-\xf0O\xe8b$\xa1\
F\xf0\xad\x0c\x99T\x9dS\x04\x15\xf4\x84\xc2F\x13\xbc\
\xc6j+\xf7\x10\x92Z\x9c\xbb\xe1\x22\x9c\xdf\xefa\xc8\
9\xa8o\x9d\x9c\xfaU\xb4\xd0r\x9aEl\x93\x92\x1f\
\x06\x044\x9aU\x0d\xab\x00c\x90\x1c\xae(\x0b|b\
v\x06\xaf\x1e\x1d\xc1&\xf8\x98\x81F\x94%\xf1\x0f\x09\
\x1cD\xe8\x04\x86`\xd1\xaf\xc9\x8c\xa9/\xfc/F\xee\
zW\xb8\x15\x10\x7f\x18\x92\x89l3\x9f\x15M\xa4\x8a\
\xe8\x02-\x00\x80W\x0cL\xe3\xda\x95c\x01\x02\x8d\xb1\
\x19\x93\xb9\x87p\x8dPMB\x95#\xec\xd0\x81\xaa\xf8\
p\x88\x1e:\xd2m\xba\x8c\xb0o0\x19\xe8+.\x9a\
j\x99d\x19\x8c\xe1@\x1a!f\xa5\xbc\x18\x00A\xc5\
Vyd\x10]\x10\x9b\xc3\x8e.=\xd0$ \xa3s\
\x86\xd8\x88\xe2>\x1bB{\xa0\x8d\xf7\xbd\xeb\x1d\xb8\xcb\
]\xef\x86\xce`\x07eq\xdd\xd2:\xd7ma\xbd\x1e\
aU\xb7\x15\x95\x87\x0ar#\x82\xd29\x1d\xc3v\x0b\
3\xb2f\x13\xd4i\xc3\xcfN\x03YC\x11Z\xf4\x8d\
\x14u\x87\x187\xa1\x1c\x001\xfb\x18\x00`\xb0\xdd\xc6\
@#G\x0b..\xc1\x99f`\xb0\x03K\xd9=\xa1\
F<q\xd0\xec\xa1\xd9\x8dd\xd6\x0a\x00c\x8d\x1c?\
+{8\xb2\xdf\xc7\xad\xf2\x06\xe6\xc0\xc8l\xfc\x84m\
L4\xa3\x08\x1f\x8e\xfd&\x06\xdc\xd0 \xca\xd3O\xc7\
\xd4)\xa7`\xed\xfd\xee\x87bzz\xfba\xc2\xcc\xd1\
vw\x90\xf4\xdfI\xe0T\x1a^V\xdbT\xa1\x18\x97\
}\xadf\xba+\x96\xb4k\x13\x10\xd8\x06\xfa\x15\xb3*\
\x8e\x89\x89c`3\x1c\x93F\x0d#&\xe1\x91\xa8\x88\
\x14}\x1bc\xc2eK\xe8\xeaJu]\xdf\xae\xb9\xea\
V`\xa4\xed\xb4i\x1b\xb0,\xc7\xc4'\x08ik\xa6\
.\xd1@ml\x17\xfb\x16\x96o\x9c\xdec\xef\xd1\xee\
\x0c`\xc3\x85\xe7\xe3S\x1f\xff(\x86\x86\x86\xe1\xfd\x8e\
o4Q\xffh\xc5\xc9g\x963\x1d-\x19\xab\xe0\xb9\
#\xf3,(\xa6\x0f[\x81VE\x04_\x96\xc8\x86\x86\
\xe0\xd6\xaf\x0f\x096d.\xaccM\x18v\x84\x19\x80\
dc\xc7z@\x84\x86\xb6\xc8\x019TB\x86k\x12\
\xc1X\x19p\xdd5\x8e\xa4y%'\x1b\xc5]\xc9T\
\x19'\x00|\x95Kd\x03\x03I\xbd'\xaalS\xd6\
\xcc=\x11\xe7\xc2\x96\xf4x\x0d\xe1\xc4\xeb\x9c=\x16~\
\xf3k\x93b}{s\xc5i~R\xb3\x8a[\xe9/\
\xdcL\xb8G\xf1\xb7\xd3\xdf\x04\xec\xd2\x19\x81\x01@\x10\
Rw\xffE2\x16$\x0b\x86A\xd8\xfd#\xf7\x1c\xcc\
\xe6\xac S\xab;\xc9\x92\x1eH\x15\x9br\xe5\x9d\x8a\
\xef\xca\x84U\xd4\xe48\x91\xca\x9d\x12\x97\x15\x1e\x1d\x10\
\xba\xaa\xa2U9\xb6y\x8fSW-'\xef\xf7\x0b\x8c\
\x8d\x8d\xe3\xab_\xfc<\xfe\xfa\xe7?cp\xe8:\xa4\
\x10S)\x1b\xa0(\xc8\xa1\x85\xeb\x09@\xcc\xf3\x10\x10\
\xca^\x00\x03\x97\xed\x15\xef\xe1\x1aM\xf8x\xc2\x92\x8c\
N\xa0\xa1\xca;%\x18\x82H\xc3n\xadz\xd2/}\
8\xd0$f\xc6A\xcc\x00\xc4\xbe\x04\x97\x0c\xe6R\x9d\
\x81\xcc\x1e\x5cz=\x05\x889d\x0f\xf2e\x09\x16\xa7\
\xa0\xf7\x06/B<\xba\xaa\xd1\x04\xb4\xca\x12W\x8e\x8f\
c\xeaV\xb7F\xde\xeb\x86`\x15\x16X%LP\x10\
\x82\xec\xe0bE\x0c78\x88\x85\xdf\xff\x1esg\x9f\
\x03\xd7\x1e\xd8\xaeSWW]\x90\x88B:&\xb3\xa1\
\xd8(\xf0\xb1\xbd!\xe9\x8b\x09K\xafvu\xd7,\x8c\
\xc4\x5c\x93\xd5\x03 \x81C\xee\xe5\x10\x16\xab\xda\x9bN\
HJ\x95\x0ehH\xeb\xaa\x83!\x15\xe0\xc9\x14\x00D\
]\x85\x01f@\xe9pmy\xf5,\x98\x06\xc9\x91\x93\
\xa4\x1f\xc5\x9dq\xa8\xe9\xb0\xa4|\x80\x5c\x90\xa2o\x7f\
\xf3\x1b\xf0\xa5o~g\x87\xf7\x08\xa4>\x87\xf1\xe8\x8a\
\x00\x9b\xfe\xd9g\x97\xb0*\xb9\x165\x80UH\x15\xca\
\x1c\xda{\xee\x85^\xe95\x8d\x80\xcc\x091\x99\xddl\
U\xf8I\x09\xf7=&:m\x0cfC\x18\xe0t \
\x08K\xf8n\x1c\x8f\x8f1\x0b\x1er\xdc|\xdc\xc3\xe0\
\x1c\xbc\xb4\x17\x19\x0a\x01\xe8\xce\xcfE\xcd\xca0\xc4\x88\
3\x8dF\x033\x9b7c\xe3\x1d\xef\x88}\xff\xf9\x0f\
\x14\xfdn|/v8\x22\x03W\xdf\xae\xd4A\xec\x81\
,G\xb6i\x13\x16N\xfd\x0b\x86oq(\xb0\xb0\x10\
\xf6\x0al\x1dbK`^U`m_\xc9\x5c\x89\x87\
\xa9\xc4]\xb0U\xd3w\xb5\x12\xf0\x86,A(\x85\xa4\
+I4,\xd5\xddDP:\xe4L\x5c\xa1\xb0p#\
\x91\xa1L\xb2\xea\x05\xab\x1e?G\xdb\xdfY:0\x1b\
A\xeav\x19\xc3v\xddN\x9fF0\xab\xc7Z(O\
\xea\x95\x9aX\x09Q\x08\xb6\xf4%\x86\x86\x87\xf1\xef\x7f\
\xfe\x1d_\xfb\xbf/\xe2Y\xcf{>\xb6l\xda\x84,\
\xcfW;\xa0P\xafe \x91\xe8(\x9e\xc9\xae^m\
D\xc2\x89\x1dI>\x00\xbb\xfd\xd9\x22\xd76\xdad\x86\
\xcb24ot#,z\x9fv s\x82G\x85\xf3\
T\xb8a\xb8\x91g\x19\xe6\xa6\xa7\xf1\x9c\x87=\x0a/\
}\xd9K\x80\x99\xd9\x98~\x99\xe2\xdcs\x15\xbf\x85\x1b\
\xa4Q+\x03\x97\xed\xd8\xde3Z\xcd&^\xff\xaa\xe3\
\xf1\x9b_\xfd2\x9d\x96\xa4\xef\x86\x0dH\xdd\x999\xb4\
oy\x0bd\xb7\xbd-\xf8\xb7\xbf\x06\x0d\x0d-\x8bL\
I'\x10\xfd\xd5v\xc7#k51\x7f\xea_P\x1c\
}\xf4\xca\xce\x17\x88\xdcYv\xc3*\xcf\x81\x08\x13\x91\
P2O\x1c\x15%\xcb\xb8S\xfb\x09\xc0\xbb`\x11\xd5\
\x1e@\x92\xbcT\x81st\x91G\xb2\xf0\xc8\x9d\x06\x00\
0U\x90\x0af\x98\xcc\x80s\xc17\xb8J\x1f@\x00\
\xb2\x87\x8f\xcb\x80K7\xd2\x84\xceZ\xa5\xd6n\x99\xb5\
\xba`Bx%sEt\x99\xbcz-V\xd1\xef\xf7\
z\xe8\x0c\x0e\xe2\x93\x1f\xfb0\xees\xbf\xfbc\xaf\xbd\
\xf7F\xb7\xdb]\xbd6\xc0\x1c\xa4\x9d\xb5\x9f\x91v\xde\
\xd9]zi\x9d\x9f\xe3\xff\xf1y\xdda\xc6u<\xdb\
f\xbb\xf9\xbaupY\x16\x18\x8d\x18o\xf5\xf7e\xaf\
=\x07\xa4u\x82\xe81\xd1e>;\x8d\xf5k\xd6\x81\
\x07\xda;\xe5\xfc>\xe7\x1cfgg\x10\x18BJ\xb0\
)\xe4\xeb\x01d\x0e\xe8\x0c\x0fa\xe4\xa1\x0f\xc1\xcc\xaf\
~\x114\x18InZC\xa9\xb83%\xb0\xff\x88\x94\
\xb2\x8aD\xcd&z\xa7\xfd\x0b\x8b\x1b.\xc2\xe0\x817\
\x86\xef.b[\xfbS\xb8,\xe3\x8a\x18\x83<\x8c\x96\
\x94\xb4\x1eQ?*L\xb4\xa2\xe5\xa4y\xae\xa8}\xbb\
Z\xf1a\x89\xd8\xe2\x05G\x17\x7f\x92\xb5D\xc4\xccQ\
V\xc5\xd4\xe0P\xe1\x99\xfc$\xb5\xbae\x9b\xe1\x8e\x8e\
[U\x8f\xca\xf2\x99|\xa3\xdas\x0c\xab\x92\xa6`E\
\x9d9\xe5!ii\xd2\xcc\xa02\x19\xa4\xf7\xe2\xbav\
\x9e\xe7\xd8\xbcq\x13\xde\xf3\xf6\xb7\xa2\xd1l\xee\x88J\
\xa3\x1d\x15\xe2MvV\xf4\x86W\x88R$kM\x9a\
\x80\x03Bce\xb8DD@Y\xa2\xb9\xdf\xfe@\xb3\
\x99\x88G\xe1\x22\xce\x1c\xa3IE_\xaf\xd8\xb0\xe4\x19\
.\xcf\xd1\xbd\xf4R\xcco\xbc\x16\x85\xf7\xe8\xf7z\xe8\
\xf7\xfb;\xfc\xd7\xeb\xf5\x10\x0eki\x04\xbfB\x15D\
\x00\x80\xa2\xdf\xc7\xc8\xd88\xf6\x9aX\x83\xc6-o\x05\
^\xbfGH\x02\xa2\x9ey6o0 \xe6\x0c\xa5\xc4\
\x16\x81 \x19\x94ep\x93[\xb0x\xc6\x19\xa0f3\
\x1c\xd6\xb1\xcdi\xaa B\x9d\xca\xeb?+\xd7\x92\xaf\
\xa6\xc6\xa8wA\xda\x0f%\xed\xb6LB<:B\xa3\
\xdc\x8c>!\x91\x9c\xe4@.d\xfb\xa2\xc8w\x89\x98\
%i\xe02\x89\x22WK/\x1c\x09E=\xae\x12Z\
\xe9\x08\x9a\x94|\x89w\xdfzi\xa1DR]Ep\
1\xb9\xa3}\xdf\xc5!\xc5\xddz\x0ez\xdd\xc5\xe5\xa0\
\xb2\xf4\x18\x1d\x1b\xc5\xcfN\xfe1N\xfa\xdew1\xba\
\x03\x07\x8b$\xafq\x0c\x0fu\xa9}\xe7\xe4\xba\xf1\x84\
S\x04\xb58C\x09\xfa\x9c\xd2\xec\x0a\x1a\xe5\xa2@\xb6\
v\x0d06\x1e\x1cvr\xb2\x08\xa5\x8d6z\xe2\x05\
\x12<\xd2NA\x80Z-\xf4/\xbb\x0c\xfd\xab\xaf\x86\
k6k\xde\xf0\xd5\xff\x15E\x81\xe1\xe1a\xfc\xcf}\
\x8fDY\x86\xd4\xd9v\x15\xa0\xd1lb\xa1\xdb\xc5m\
o\x7fG\xac_\xb3\x06n\xedZ\x0c\xdc\xf1\x8e@\xaf\
\x17\xd3\x8b\xa5\x95\x92\x84k\x80$KL\x9b\x9d\xc2\xb8\
||~\xf1\xcc3a\x5cT[\x07\x9bK\xf8\x81\xda\
\xbc(\xdeD\x87\x8a\xb3\xe6\x8d\xce\x1d\x85\xc4\xa2\xba\x02\
V\x15X\xbbRa`\x09\xbc\x84\x9e\xe3.@\xb0\xec\
\xf5\x8bz\x96\x0bY\xe6\x09\x00\x98S\xb2\xc4\xc0\x04 \
\x08+\x88\xb5\x83\xfb\x00\x98\xe32\x9f\x00\x5cs\xfbB\
\xbd\xe8\xf6>\x01i\xfdV\x00\x1fW\xf5\xf59\xa4\x0c\
\xc1p\x89\xf8\xec\x7f\xa6>\x1dF\x9c\xe4f\xab\x89\x8f\
~\xe8\x03\xd8\xbci\x13\x1a\x8d\xb4\xa6\xbe\xdd\xd1D\x09\
[Y\xea\x22\xb3{\xcc\xe8P\xa4pK\x08\xa3\xdb\x82\
+\xb6\xff\x0a\xda&\x02\x8a\x02\x8d\xf1\x09\xd0\xde\xfb\x04\
\x13\xc4eA#\x8d\xc7(Q\xb4\x01Y\xaf\x19\xc6\x10\
a\x82<\x87\x9b\x9bC\xef\xc2\x0b\xa3\x04\xdd\xf1\x0dA\
\xde{\x8c\x8d\x8d\xe1\xb2K/\xc5\xd5W^\x89\xce`\
'\x86\xcb\x86\xb1g\xce\xa1\xdb]Dk`\x00\xcfx\
\xf6\xb1!\xfdw\xb3\x89\xd6\xado\x13\x98\xae iL\
\x9e\xaa\x19R\x8d\xc0IYSeG!@y\x13\xbd\
s\xcfA1;\xb3\xd5X\x00\x91\xda\xd5x\x0dR\x5c\
\x0a<G\xe6\xccE\x7fR\xfa.\xcf\xa7%\xc4\xed3\
\x9b\xffv!\x85'\xa0pD\xfa\x9d\xf4\xe2\x10K\xca\
 v\xaa\xde\x84G\x82f\xaa*z\xa88\xa9\x96;\
\xa8.\x0b\x22V\xec]\xab\xd6SEe\xafi1\xe9\
\x9a(.\xaa\xd8\xd8\xc2\x9au'\xf5?9y\x12P\
BL\xf7\xe0\xe0 .8\xf7\x5c\xbc\xf3\x84\xb7\xa2\xd3\
\xe9\xacbY\x90\xcc\x98\x8c\xbfB\x86Q\xefs\x1cs\
\xdd7S\x19 \xad\x0c\xb5|Y\x22\xebt\xd0<\xec\
V(\xbb\xfd\xd4\x17;O\xe6\x1a\xd7\xfa\x03\x8a\xf68\
3zg\x9e\x11\xe3\xff\x97\xc6\xfa\xaf\xe4\xaf\xdf\xefc\
pp\x10\xbf\xff\xcd\xaf\xf1\xb8\x87?\x04\xff\xfb\xa9O\
b``\x00\xa5\x17]\x93P\x96\x1e\x83\xc3#x\xc3\
[\xde\x86[\xdd\xe66\x98_X\x80+K4\x0f9\
\x04\xc5\xe0\x90\x09+\xe7\x8a\xcam\xaf\xe9\xa6'\x19\xa6\
\x0f~\x80r\xc3\xc5\xe8]uU\xc8M\xb8\xcc\xdcY\
\xa2g\xb1\xc0\xc4aL\xe6\x88K2(h\xfdR\xd2\
\xb6\xc2\x96MV\xa7]\xb5$\xbc\x07\xa0\x89YD&\
\x84k \x06\xab\x9b '\x84\xb8\xedR3\x03\x85}\
\xc3\xc4\x1c\xa3uc\xb8&sL\xfc\xb8c@`N\
N@\x12\x82Qb2\xb1\xf3\x11\xc8^I+\x0d.\
\x0d2\xfa\xd2\x97q\xc6\xb0\xa6\xe7J\xb6\xb0F\xca\x19\
\x1b\xb0\xdb\xedcdt\x04\xdf\xfa\xfaWq\xe4\xfd\x1f\
\x88{\x1fy\xa4\x1e6\xba\x9d\x91\x84\x7f\xe5P\x0f\xef\
\xa1\x1e\x15\xe9\x97d\x9a2+\x1d\xe2\x89\xd6\x18sa\
L\x8a\x9d+(\xa1Rt\x0e;\x0c\xf3Y<\x1e\xdc\
G\x1e\xef,\xf88\xf1\xfb\x00L\x08A\x91g\xd0@\
\x13s\x7f\xf8\x03\xb2\xe7>\x0fc{\xec\x81\xb2_T\
\xb5\x11\xaas\x0e\xa9;HT_zt\x06\x07p\xca\
\xef~\x8fc\x9f\xfeTd\x99\xc3\xc8\xd8(\x8a~_\
\x95r\x22\xc2\xc2\xc2<n{\x97;\xe3\xf1Oz\x0a\
&''\x91e\x19\xfc\xe2\x22F\x0e=\x14S\x07\x1e\
\x08\x7f\xce\xd9\xa0\xf6\x802I\x89\xfaK3\x07M\x82\
*\xda7\x03\xc1\x0f0=\x8d\xf2\xaa\xab\x80\x1b\xdfx\
;\xe0\x0a+\x12\xac\x87\xa5\x98\xe4\xb2\x92b\xce\x08\xa6\
4?\x09{\x98S\xa4\xa9\x02y\x85L\xfb\x86.a\
OO<\xf5\x09\xb2ff\xd2Q \x801\x03\xc1\x11\
S\x9e\x18\xa0\xa0'\x83b\xb4\x10i\x18\x9bT#U\
\xac\xa6\x88\x8a\x9cU\xb8\xb2\x1c\x10\xea!\xcbfRu\
PY\xe4\x0c\x92\xa5V\x97\x10?\xaa[\x89\xd3\x06\x01\
}> \x00\xa9\x17\xbc\xd2\xf3\xf8\xc0@\xb3\x85\x0f\x7f\
\xe0=\xb8\xf3\xe1\x87#\xcfs\xdd4\xb2\xf5\xe1D\xb5\
_\xb2\xff\xe8\xe1\x1b\xc1\xcc\xf1\x8a(i)R\xd5\x17\
\x01!'S\x84H:\xb3\x02H\x12\x01\xbd\x1e\x9a7\
\xb9)\xfc\xc80\xa8\xdf\xaf\xee\x90\x8b\x9279%\xe3\
?6\xdd\x1f3|\xb3\x85\xd6UW\xe2\x13\xafy\x15\
6\x8e\x8d\xc1\xf5{\x08{\x01\xe4\xach\x0a\x01B\x1c\
\xbc\xfay\x96\x83\x11v\x0f\xe6Y\xd8\xfc3<4\x8c\
?\xff\xe1\xf7\xc8\x5c\x86N\xa7\x83\xb2\xdf\x8f\xdbie\
\xa1\x93\xd1j\xb5\xb0\xe1\xa2\x0d\xb8\xf6\xdak100\
\x10\xb4,\xef\x91\x0d\x0d\xa1q\xc0\x8d\xd0;\xe3td\
\xe4\x22\xc7LL:\xec\xca\xad\x99G\x02/\x00L\x0e\
T\x96('\xb7l\x97\x103W\xb5\xfbC\xfd2/\
\xf1]g\x18\x8f\xe0\x0a\xc9\x1cJ\xf6\xa7*\x0e\xec\x92\
EM>\xc49\x8fb\x92\xcd\xe2j\xd8+\x12\x92\x02\
\x828'\xc0E\x1d\x89\x94\xda\xa0n\xc0\xdaD$\x8b\
b5\x85\x81\xea2\xa0HQ\xfdDJ\xd8 Z\x06\
\xa5\x96T[s.\x1c&\xe1\x5c\xe0\xde^\xb1\xc6\xd4\
I\xe6_D3\xc0\xc3>!\xec\xce\xa3D\xbb\xd3\xc6\
\xe9\xff\xfa\x17\xbe\xf8\xbf\x9f\xc3q/y)\xb6l\xde\
\xbc\xcd\xd8\x00AR/\xe7\xcc1+\x7f\x153\xc2\xae\
l\xa4\xc4%\xf1_\xa3R&\x13`\x85\x80$\x82\xef\
\xf5\xd0\xdaw_\xe47\xbf\x05\xf8\xcf\x7fJ{\xe4\x85\
Y*\xa3\xa34W\xb2y\x10\xa1M_\x96\x18\xcc2\
\x5c\xfb\xa3\x93\xf0\xb9\xf9Y\xac\xc92\x14\x1c\x85m\x94\
\x80\xd6\x9c\x12[\xd9\x83E\xd1\x00\x11\xa1\xddn\xa3\xd5\
j\xa1\xd7\xeb\x85\xfd\x1da`q\x9c\x0eEQ`\xed\
\xc4\x84\x9e\xd8$\xa1\xd9Y\x96!\xdb{\xefp\xe6\xa0\
\xbe#\xf0Q\x19\x5c\x81y\xfd\x19\x14}t/\xb9\x14\
\xe4\x96\xd9\xc4\x84T\xad\x9c+\x09c\xea&U_\x98\
e\xc2\x0c\xc8RaL\xf0\x0af=\x16\x5c\xb5\xd6]\
T\x03\x08\xe3\xf3\x1a\x94&Z@\xb4\x02X\xb2H\xab\
K\x98=\xe5qI\x10\x00R\xd6iA`\x86\xc8\xe8\
h\x0a\xacB]\x95:\xa3*\xac\xcbzB\x0a\xa6\x1a\
\x12e\xc5h\xadU\xdb=T\xe4\x8b\x12c\xe3\xe3\x98\
\x9c\xdc\x12\xef\x99\x088\xd5\x0f\xd9|M:\xa5l\x8e\
\xb1\x11l\x00P\x14%\x86G\x86\xf1\xa9\x8f}\x04\xf7\
\xb9\xef\x91\xb8\xe9\xc1\x07caaa\x9b\xb1\x01\xec9\
f\x9b\xb5Z\x0a\xc7\xb1\x08\xe3I\xec\xcbG\xa4IA\
Ab\x97r\x9c\xa4\x95\x17\xf6\x1ey\xbb\x8d\xa1\xfb\xde\
\x17\xd3\xbf\xfb-Z\x83\x1d\xc3dL\xfb\xaa&i\x87\
\xf4\xabc\xc6LQ\xe2\x11k\xd6\xe2\xb7\xad\x01\xf4(\
\x19M\xf6\x1bL\x9dK\xfa\x01\x02\xfb\x12\xbe,T\xb2\
\xaa\x1a\x1d5\x9cnw\x11\xb7\xbf\xc3\x1d184\xa4\
i\xda\x85\x09t\x0e:\x08\x8by\x03!:=\xcc\x8f\
\x1an\x069T\xfc\xd8\xf1 \xacu\xd3\xd4\xe4V\x89\
?\xf5\xbe&l8I\xf9\xf4X-\xf6D5\xa8\xf4\
.W\x11v\xd7,\x9c4\x99\xb4\x1d8\xa1\x06\xb1O\
\xe2!\xe2\xa13+\xad\xd1\xca7\xa1\x04\xb2\x9c\x00Y\
\x8eY\xcd9V\xd5\x8e\x89\xca\x1c\xb7\xc1\xd4\xbc\xb3P\
\xd5:\xad\x00T\xbd\xb7\xce9,..\xe0\x0ew\xbe\
\x0b\xeev\x8f{a~v\x16y\x9e\xc7\x11\x9a\xa57\
Sw:\xd8\x22|:U\xc3\x1d\xac\x9a\x9f\xe59z\
\x8b\x0bx\xf7\x09o\x89]\xd9\xf6\x18e\xc9O\x1d\xfe\
\x88f\x81ZYvu#z\x95]\xe8[Z\x1d@\
\x8cd[\xdd\xd2*9\x07^X\xc0\xd0\x9d\xef\x82b\
\xef}\xc0\xfd>\xd8\x89\x17=-\xff\xc4\x06\x90\x96\x07\
I\x13\x88\x82\x1c\xba\x00\xf6&\xc2m\x890U\x14\xa0\
x\xaa\xb1\x9e\xd8l\x13\x83\xd8\x93\x9c9\xfd\x0e\xc4d\
\x92\x9f\xda\x8dP\x0c\x0c\xb4\x07q\xef\xfb\x1e\x19|\x03\
\x16\xa6\xde\xc3\xadY\x03\x9f\xe5\x90\xd0U\xd1\x92H\xfa\
\xe9\xd2x\xea\xe7 2\x08\xd4h`\xe1\xe2\x8b\xb7}\
n\x00#\xe1lmUI\xe6\x22B5\x99b\x06\xef\
\xd2\xb2t2#\xb7\xce\x12\xff\xfb\x85H\xffI\xcb\xa6\
\x81\x15 \xd0\xb6\xc0\x22y\x08\x1c;\xc71\x1c4}\
\x12\xd8\x9e\x98\xc8q\xcd>L\xf2\xea\x96\x02\x83\xf74\
\x84\x1b\xcaA\x8dp\x16Y\xc2\x1a\xab\xee\x06\x94{\x8e\
t=\xdfe\x14\xd5~F\x96ex\xd5\xeb\xdf\x88\xe1\
\xb110{\xb8\xcc\xa5\x1dh\x95\xf7d\xc2\x03\xf3\x91\
\xb8{\xfb]\x10\xc2{\xc6\xc8\xe8(N\xf9\xddo\xf1\
\xad\xaf\x9f\x88\x91\x91\x91\xad\xc6\x06\xe8\x091\xce\xac\x0f\
\xbb\xb4\x130\xf4\xb5\xda\x96\xd3\xfb\x91\x11\xca\xa1\x94Y\
\xb4/WcV\x11\xa1\xecv1x\xe0\x81\x18y\xdc\
\xe3Pt{@\xa3\x11\x98\x80\x99+\x8eq\x10\x88\xc4\
T?\xe8\xd5e\x84\x05\x22<\xa4\xdd\xc1\x80#d\x8d\
\x1c\x8d<\x0b\x7f\x8d\x1cy#G#\x97k9\xf2,\
G\x9eg\xc8\xb2\x0c\x8e\x08\x99\x99\x17\x92\xc3R#\xf3\
m4\x1bXX\x5c\xc0\xcdn~\x0b\x1cv\x9b\xdbb\
~~\xbe\xaaQ1\x03\xed6\xd0\x1e\x08\x8afFz\
\xb8\xa8\x8eA\x98\x80\xe0\x9es\x01\xa9e=>\xcf\xc1\
\x93S\xf0\xbd\xde\x12\x9cTY\x1e5\x1bgb\x13t\
\xeee\x0e\x9c\x0b~\x02\x99\xaf:\x03\xa8\xe0S\xcd/\
\xb1\x8b\x15rNaH\xca\xec\x89u\xe7\xa8#\x0eY\
@5\x86\x86]2\x18\x00\xb0\x07[\x85:\xaa]b\
\x83\x99\x18\xbe\xd5uL\x02R8MJ\xe2\xba\xb1\xe9\
h\xf9I\xf5\xc9\x9e%\xed\x9fs\x0e\xd3SS\xb8\xf9\
\xa1\x07\xe3\x99\xc7>\x0f\xd31\xb9\x87*\x8f\xc6\x0eF\
\xec3PUOM\x83Q0\x86\x1b\xde\x97\x18\x1e\x1e\
\xc2\x87\xde\xf7n\x5cr\xf1\xc5h\xb5\xb6\xbd\xdb\x8c\xea\
v\x8c\x8cB\x5c\x02\x5c\x8fvLKJjay^\
\x95\xf4\xd7\xb6\x9d\x03\xcf\xcfc\xfcA\x0fF\xb9\xc7\x1e\
\xa0~O\xeeT\xda\xb1\x8b\x10\xe2}\x14\x15\xd710\
\xcf\x8c\x9b7r\x1c\x9e5q\xd9\xd4\x14\xa6\xa7\xa71\
=;\x8b\xe9\xe9\x19L\xcf\xc8\xdf,\xe6\xe6\xe60\xb7\
0\x1f>\xe7\xe6\xaa*\x7f\xc4\x16q\x9aIS%3\
\x9er\xcc\xd3\xd1j\xb5\xaaK\xacD\xe0~\x81\xd6\xba\
up\xc3\xc3\x80/aY`@\x11\xd6\xb9\xaf\xab\xdf\
j\xa2\xba\x0c\xae\xbb\x00\xbf\xb0 v\xa6\x99\x85\xa0\x95\
\x89D\xd7enJuX3>-\x94q\x1a\x9b\xd6\
$\x9f1t\xdb\xf4b\xd7+\x0275<\xe3e1\
\x7f8\xae\xaaJ\x18:87\x80#N\xc7\xbc\x12!\
l\x07\x94\x8a\xe5\xa0\xc1\xed\x85^.-\x81\xd0\xd9\x97\
A\x0f\xf1\xa9Nq\xb6\x04\x1f\x1d\xc5\x84\xa4B\xc0a\
 \xa5L\x9e\x0f^h\xe7\x1cff\x17\xf0\xe4c\x9e\
\x8e_\xfd\xe2g8\xe3\xb4\xd3B\x92\x8fx\x049\xc7\
@\x14\xd1:\xa4>\xa2\xe0\xa4#A+J&e\x88\
h\xf3\xc8\x1b9\xae\xb9\xfaj\xbc\xff=\xef\xc4\x07>\
\xfa\x09t\xbb\x8b\xcb.\x0bzf\x14\xa5\x0fn\x00/\
\xcb\x8e\x10|\xd3>\xebz \x18,;\xde\xa23\xcc\
_\x87%U\xd1\x02:\xfb\xed\x87\xce\x03\x8f\xc2\xe2\xff\
~\x06\xf9\xc8(\xe0\x8b8\xc9\xe2\x17!\xb5\x05\xd9b\
}t\x8a:\x003\xfd.\x9e\xbe~\x1d\x1e\xfa\xf6\xb7\
\xa3\xd5\x19\x04\xb1W\xba\xf6\x11n\xe2Ig\xef\x917\
\x9b\xf8\xd0{\xde\x853O\xff\x0f\xda\x9d\x0eJ\xd9\x01\
\x18\x89#\xcf2l\xde2\x89\xbb\xdf\xeb\xdex\xe8#\
\x1e\x89\x99\x99\x99\xa50d\x06\x1a\x8d \x14J\x1f4\
\xb1\xc8(C;\xc6n\xaf\x98\xde\x91\xc1FS\xce/\
,\x84\xbd\x00##\xe1t\xa3e\x8a\x9cH\xe5\xbd\xc9\
\x83\x13\xeb(+\xc1\x00\x014\xea\xc8U\x7fCP\x9e\
\xd9\x03\xdb\xf67\xfc\xf7\x8b\xba|d\xce\xc3\xb5\xb8\xe8\
\x11\x0f\xfc\x12zb \xa4\x04\x13[\x95E\x1a\x92\xee\
\xac\x05D\xa6\x08B\xedP\xb7R\x1d\xa9Bu\x0e\xda\
B\x10D\x957\xf5q\xa8\xad\x0fBQ\x94\x18\x1c\x1a\
\xc2\x8b^\xfe\x0a<\xe3\xc9OP\x1b\xd4J|\x95H\
$\xd2 \x10z\xea\x04\xa04\x12n\xa2\xe8\x97\x18\x1b\
\x1b\xc3ON\xfa!\x1e\xf5\x98\xa3q\xb7#\x8e\xc0\xf4\
\xb2\xb1\x01v\xe9\x8dP\x15'\x5c\xb9W\xd9,$\x1c\
Bj\x90g\xb7\xe3sX\xae\x88/`\xcd\xe3\x8f\xc6\
e'\x9f\x04l\xd9\x0c\xce\x1b\x81IW\xaa\x8b\xf0\x88\
\xe3f\x0b#\x06|\xa3\x89\xd1k\xaf\xc1\xc1 \xac}\
\xd8Q(\xa7\xe6\xc2\x99\x80V{`FQ\x14X3\
:\x84\xcf}\xf6\xf38\xfd\xb4\xd3084\x18S\xa0\
\x1b;\x1a\xc1\x8f\x905\x9b8\xf6\xb9\xcf\xdbFp\x15\
\x83\xf2\x1c\x9c\xe9Ab\xa9\x1e\xd1\x8e\x04\xa4V5P\
\x98\xc6\xe7\xbb=\xf8n0\x01\x96Q\xf0\xd2X\xd9\xa2\
G\xd4!8\xe1\xc8rl8\xa0J\xea\x19\x93\xac\xfc\
lsZ\xfe\xfbE\x04\x80\xfc&\xc9\x11G1a\x14\
I\xf4\x03\x18\x80s\x12\x08L\x1aE\x0c\x8a\x8b\xc9r\
\xa8\x18EO-\xa0\xb2n\xc5E=\xaev\x09\xc6\xa8\
S\xe9\x96$\xa1\x0c\xf7\x95\x09\xe8gT\xd59\xc4\x9b\
OOM\xe1\x1e\xf7\xfc\x1f\x1c\xfd\xc4'c\xf3\xc6\x8d\
\xc8\xb3,\xd4e_dQ\xb3\xd3\x9f\xb4c\xf5\xe4\xa4\
f\xc6\x0dCY\x86\xd7\xbe\xf2x\x5cu\xd5\x95h\xd5\
\xb2\x09\x0b\xc3\xe4\xe8Z\xb1H\x06\xae\xb6eW2\xd4\
\x8c\xd2\xf6\xc2\xea\x8a\xf7\xa6/\xab\x03,\xca^\x0f\xed\
\xbd\xf7\xc6\xf03\x9e\x89rq1\xf8\x14`\x18zT\
]\x1d\xcc\x5c\x02 \xe6\x180\xc2p>\xc4\x05\x5c\xf2\
\xf6\x13p\xe9\xef\xfe\x809\xf6\x98\xde\xb2\x0533\xd3\
\x98\x99\x9a\xc2\xcc\xd4\x146o\xde\x8cF\xa3\x81\xaf~\
\xe5kx\xed+_\x8ev{\xa0r\xd6#\x22<\xb2\
<\xc7\xe4\xe4\x16<\xe1\x89O\xc6]\xef~\x04fg\
g\x97\xae\xa6\x08%:\x17\xc2xY3\x12 \xa4\x12\
\x09\xb8&}\x8e\x8a\xbc2kp\xcc\x85\xe0\x08\xbe\xdb\
\x85\xef\xf5\x96\x98\x00\xf2\xa8\x152I\x99\xad\xe2\x22\x9b\
\x9b\xaaq\xc8\xb8\x04\x15\xe3;\xa2y\xec\xaaE\xcf\xef\
\x04\xeb\xaa\x9d\x0b\xbb{\xa0\xa7\x80\x03\xba\xdaGl6\
\xe9\x07\x18\x90Re\xf4\xc9\xa5I\xa0\xa86\xec\xc0~\
\x8047\x5c\xf9\x97*\xb3\xbbT\x0aX)\xa4\xbc:\
vFV\x05\x9e\xfb\xc2\x17a\xff\x1b\x1d\x88\xc5\xc5\x05\
\xdd\x8f/U\x08\xc3O\x08\xb6\xa4g\xa6\xbd@.\xde\
\x97h\x0e\xb4\xb0\xe1\xc2\xf3\xf1\xb1\x0f}\x10\x03\x03\xed\
\x9a$\x93\x0eQ\xa5\x1e\x92\xbe\x99G\x96\xb6\xc4J\x9c\
P\x09\xc3\xcb\xbf\xb0\x82BY\x86rf\x06\xeb\x1e\xfd\
\x18\xb4\xeew\x7f\xf8\xb99 \xcb \x19\xdfBW8\
M\xa4\xfd\x8d\xa8Qy\x0f\xcas\xb4\xe6\xe6\xb0\xe5\xdd\
\xefB\xb1\xb8\x88\xbc\xd9\x8cN\xca\x0c\x9e\x19{\xec\xb1\
\x07~\xfb\xab_\xe15\xafx9\x06\xda\x03\xf1tf\
\xe9D`hY\x9ean~\x0e\x07\xde\xf4 \xbc\xe0\
E/Y\x9e\xf8m\xdfe5\x84\x13SJ>w\xa3\
\xb5Y\xe8\xb0\xe8\x19\xf1\x9a\xf7)\x96`\xabm\xc4\x17\
apH\x1f\xb0OG\xe2\x8f$\x90b\xe7DS@\
d\xb0\xbb~\x11\x858\xfcP58\xd023$\x0b\
\xa0\x03\xbc\xf3\xa2\x22\x01\x121$\x82\x19@R\xdd9\
*\x12+\xdd4S\xe9\x90\xac(\xb0\x859\x01\x95\xaa\
\x92\xbeGuBJ\xfaL\xe2\xc6DX\x5c\x5c\xc4\xbe\
\xfb\xed\x87\xe7\xbf\xe4e\x98\x99\x9dC\x96\xe5\x15\x86!\
\xfd7\x90\xa8\xb4d\xc9\x8fL\x1bEQ`b\xcd\x04\
\xbeu\xe2W\xf1\xc7S~\x8f\xe1\xca\xaa\x00\xeb\xf2\x90\
\x96\x04\xac\xa4[Q\x84\x97\xa8\xfe\xf5\xc2qB\x12\x87\
\xda\xb1\xc2\x0c\xf2\x1ek^\xfar\x94\x13k@\xbd>\
|\x96U\xc6\xc7\x0a\x90\xb4\x87B\x0e\x0de \xa4\x06\
\x1b\x1e\x02\xfe\xf3\x1fl\xfa\xecgA\xf1,\xbe\xd2{\
LLL\xe0G\xdf\xff\x1e^\xf2\x82\xe7\xc2\x11BT\
`\xc5\x9e&\xd5\xf2\xca\xd2\xe35ox\x13\xc6'\xd6\
\xac\xecpV]\xb2\x822\xe0J\x9f\x0d\x8bL\xcf\x03\
\xea`\x85\x0el[\x8d\xe83\x89\x0dH\xdfC\xffS\
K08*\x14#\xcad\x08\x81\xde\x01]\xed\x06+\
Q\xb7\x16\xe57]S\x12\xe6\x18\xd5\x1c\xe6\xde\x87\x98\
J\x04V\x10\xd9\xa59XPS\xd6\xc9\xa1\x16\xdb\x9d\
\xd0\xe5:eT/9\x1cS\x96\x02\x81\xb8|\x07\xa8\
dOk\x99\xa9=\xb2,\x8d\x12!\xe7y\x8e\xc9-\
[\xf0\xc8G?\x06\x0fz\xc8C1;3\x83F\xa3\
\xa1\x9aEX\x9f\x8f\x8e\xa3\xd8Ne}W\xd5\x9c0\
\xd9\xb2\x04$\x19\x13\x09\xc0{\xdfq\x02\xe6b\xccA\
\xda4e\xfbG\xe6<\xc0p(h\x18\x87\xec*s\
\x11v@:\x00\x15Q\x8bIRp\x87\x8bs\xf0\x8b\
\x8bh\xef\xb3\x0fF_\xf3:,\xf82\x84\xd2f1\
)h$\x00\x0d\x03R\xf8i\xa7\xc2\xfc\xf6\x0b\xb8\xe1\
a\xcc\x7f\xf1\xf3\xd8\xf8\xa3\x93\x90ML`lh\x08\
\x9f\xf9\xe4\xc7\xf1\xc2\xe7>\x1b\xbe\xe8\xc3\xd9Pi1\
\xac\x09h6\x1a\xd825\x85\x97\x1c\xff*\xdc\xef\x01\
\x0f\xc4\xd4\xd4\xe4v\xf7T\x88)$\xe1\xdc)Q\xa5\
\x84\xb3\x92\xee\xfe\xb3\x07^0\x90\xfamL\x90e\xeb\
\x17\xedB\xe6\x15f\xce\x04\xa7c}\xfa\x8c\xe2\xb90\
\xee\x80\x93\xba\xcc\xbcc\xb3t\x83\x94\x00\x9b\x14\x13\x12\
iFt \x0a\xa2?\x8d\x80)\x04\x02\x19\x0d@\xd4\
\x04Y1\xb0\xe1\xb8\xa4\x84\xb4\xea\x8eqD~\xd9\x90\
!\xbd%\x17=\xcd\x0e\x0ap\x96\xb8\xfd\x10\xc2\x1b\xf6\
\xcc'\xc2#\xe5\xd0\x80\x8c\xae,K\xbc\xf6\x8do\xc6\
\xdau\xebQ\xf4\x8bp\x95czd\x8e\x04\xca\x82\xfc\
\x9c\xb2\x1d\x03p\x92\xcb\x1a& \x87\x00_\x16\x18\x1c\
\x1e\xc6\xbf\xfe\xf17|\xe9\x0b\x9f\xc7\xf0\xf0pH\x84\
\x89(\xd5\xc9\xa9\xd7\xd5\x9b\xce\xc8\xa6\x13\xb5\x19\xb5)\
\xd9\xf7\xe0B\x9fb{6*qG\x0be\x19\x8a\x99\
\x19\xac;\xf2~\x18~\xc3\x1b17;\x0fW2\xd8\
e\x09\xde@XG7N@\x99\x1bp@\x06\x0fF\
\x96\xe7\x98z\xc7\xdb\xe1O\xfb7>\xf8\xd1\x8f\xe0-\
\xaf{-F\x86\x86\xe1\xa2\xe4O|8Pe\xb3\xd9\
\xc4\xb5\x9b6\xe1IO>\x06\xcf{\xe1\x8b\xb0y\xf3\
\xe6\x10\xa0\xb5\xb5b(6\x84}\x8b\x94\x81:\xaf\xd4\
Wk\xee\xa9\xf6'\x0cL\xfc\x08[\xc9\xa9\xa8{\x22\
\xe4\xd3\x98\x95\xbaG\x03NsS\x12\x9c:\x06\xc3\xf3\
N\xcc\xe2\x0a\xb3\xd9\x955\x00\x02\x94\xe9\x195>v\
\xd9\xa9/\x14\xa2\xe7\xb0c\x97\x99\xa4\xd1\xaar\xc5\xc0\
|\x930<>\xb2#\xc3\xaf\xda\xfa\x15g\x0c\x04\xe0\
v\x07_\xb45\x94\xc8\xbc\xb20\x95\xd6v\xd0\xcea\
aa\x01\x07\x1cp#<\xff\xb8\x97`zj&\x22\
\xa0\xd5\xcbE'\x87\xaa|B\x9c\x15\x02\xa4\xf4\x0a\x88\
\xd0\xef\xf712:\x8aO~\xec#8\xeb\xcc3\xd1\
\x19\x1c\x8cK\x89q\x5c\xe6S\x19\x93\xba\xae\xab!\xb5\
\x00@:.$Mh\xc9\x9e\xdd\x1d+\x94e(\xa7\
\xa7\xb0\xcf#\x1e\x89\xb5\xefz7\xfa\x8e\xe0\x8a\x1e\xb8\
!\x92XX\x97\xed{\x02\x0b\x10<\xf8\xfd<\xc7\x9e\
\x0b\x8bx\xffS\x9e\x8c\x0f|\xf8\xfdX?1\x11\xbd\
\xdf\xd5\xb5|\x10\xd0j6\xb0y\xf3&\x1c\xf1?\xf7\
\xc6\xeb\xde\xfc\x16\xcc\xccL\xaf8\xbd\x9a\xe1\xc1\xa6\xce\
\xaa\xb32Q\xae\xf4_\x18\xabL\x11mS \x11\x99\
\xe5`Js^\xd7\x8b \xc6\x902\x0d@6\xc0\x11\
'\x0dr\x97/j\x9aV\x8d\x9d\x80^\xba\xbci\x06\
\xc2\xce\xb1\x19\x1a\xc9$\xc8\xdb\xb2\xc5\x94\x22\x13PJ\
\x5cU\xaf\xc0\x0a\xe8P\x7f\xbd\x83\x95d\x0b\x84\xb0r\
\xa1>\x03R\x89M[!\x94<\xcf155\x85G\
=\xeeq8\xfc\x88#0==\x85,\xcf\x12A\xca\
\x84J\xfdaT\xcb\xaas\xcac\x22\x0buY\x86\xc5\
\xf9Y|\xf8}\xefI+\x00\xf2\xa9\x5c\xc9\xaa\xa9\x86\
\xc8\xc8\x8cQ\xffaa\xd5\xe9\xfb\xce*\xce\xa1\x98\x9a\
\xc2\x1eG\x1d\x85\x89w\xbd\x07\xdd\x91Q`f\x16\x14\
\x83\xa5\x88k\xed\x19OO\x89`\x95\xad\x01\xf0\xb1\xfe\
\x22\xfeof\x12\xeb\x9a-\x14\x9a\x88\xd5\xf0^\x0e)\
\xc06m\xd9\x82\xc3ns{\xbc\xef\x83\x1f\x85\xac\xb5\
\xaf\x88P(\xc4\x14,q\xe0\x898V\x22\xac\xf1f\
\xb2\xf3\xcf\xa0F\x0e\xe4y2G\x96o*\x09 \x98\
\xc7\xaa\xdc'\xa1\x89j\x04\x11s)\xec\xe1\x08\xc3\xf6\
;\x85Y__%yQ*\xf0\xaaJ\xb7`f\xcb\
\x8a4;f\xf6\x94^NVP$\x00K;\xaa\x9f\
\xad\xb203\x96s\x9fp\x94\xce)\xe7\x9a\xd1\xb1*\
\xeb0\xe1\xb78!\x97\x9b\x02\xe6p,\xf8\xcb^\xf5\
j4\x1b\xad\x90\x0cR\xeb\x97y\xe3\xf8\x7fu\xe9O\
\xf5\xa5\xda\xf2\x1d\x08(\x8b\x02\xc3##\xf8\xc9\x8f~\
\x88\x93~\xf0}\x8c\x8c\x8eFS\xa0\xae\x15q\xed#\
-\xf9%-$\xee!\x8a\xcfx_\x8dr\xdb\x19\x85\
\xb2\x0c\xfd\xcd\x9b\xb1\xe6\x1e\xf7\xc0\xde\x9f\xfe,\xca\xdb\
\xdf\x01\xe5\x96IPQ\x80\xf3\x90\x05>\x02L\x19R\
\x9f\x816\x11\x1a\xe4\xf0\xe6\xe9)\xfc\xdf\xfc\x1c\xc6\x1a\
\x0d\x14\xdeCp>\xfc\x05\xa6\xd6h4\xb0q\xf3f\
\xdc\xf3\xde\xf7\xc1\x17\xbf\xf25\x0c\x0d\x0d\x85\x1d\x81+\
\x0d\x13w\x0e~z\x1a\x98\xb7Q|U8\x85])\
\x09\x1fd_\x97\xd2\xaf\xe7\x90\xddh\x9b\xd9\x9c\xe2\x9c\
z\xae\xce/j\x9f\xb5\xeb\xf2\xae]\xe2Mf\xc4\xae\
\xab\x09T\x12\x96(\xec8\x1a:B\xdf\xe1\xbbhZ\
N\x14C;\x07i\xc6\x01\x95hrm\x95\xe3\xa7\xa8\
zU\xd7\xe3M3\xa9\x055Bt2\xe4\x9e\x10\x8f\
$\xe1X\xa68\xe70;3\x83;\xde\xe9\xcex\xda\
\xb3\x9e\x8d-[\xb6\x84\xd8\x00\xc3\x15\xb5F6\x8cD\
\xc7h\xda\xd4\xfe\x85g\x8b\xa2D\xab=\x80\xf7\xbf\xfb\
\x9d\xb8\xe6\xea\xab\xd1l5Q\xcax\xe2s\x02\xf4P\
]bw\x09\x94\x9c\xd4\xd7\x10rm\x18\xd9\xceE*\
\xcas\x14\xd3\xd3\x18\xda\x7f\x7f\xdc\xe8\xe3\x1fG\xe7U\
\xafF\xb1\xe7^(''AE?\xee\xefp\xf0 \
t=c\x22s\xb8\xb8\xec\xe3\xb8\xe9I\xfc\xa6,1\
\xe1\xb2\x10\xe9h\xb5\x95H\x0cy\x96c\xe3\xc6\x8dx\
\xd0C\x1e\x86\x8f|\xf2\xb3h\xc8v\xe0\x95\x12?\x87\
 \xa0\xfe\xc6\x8d\xf03\xd3\xa0\xcc\xd5\x18\xbf\xfc\x93`\
J`\x93\x045\xceeY\x80\x06\x07\x91\x0d\x0e.\x9b\
\x11H\xea\x12\xd8W\xec\xf7\x8al\xe1%\xd7\xbc\xc1Q\
\x19{\x8c\x8fY\xe1\x0c\xfc\x97\x8aE\xde\xdae$E\
\x06\x0c\x90$\xdc\xd1\x13\xd1\xa9\x0a\x9fD\x91ukm\
\x95)\xe4\x92\xe4p\xb1\xc6\xb4\xce\x9bj\xb7zY\xbd\
M\xabG/\xb1\x1c+\xc5e\x19fgf\xf0\xf4g\
=\x077\xbd\xd9\xa1X\x98_@\xe6\xb2\x8a\x93\x91\xa5\
v\xa3\x07\x85\xaam\x9eBi\x85\xa2\xd9\xc9h\x0f\x0c\
\xe0\xd2\x0d\x17\xe1\xf3\x9f\xf94:\x9d\x8e\xd6\xa7\xfdW\
\xdf\x02\x10\x92-\xdb\xdfv\x8c\xf2\xbc\xd9\x8dv=\xe0\
\x15eY\x08\x0e*=\xf6~\xda\xd3\xb0\xdf\x17\xff\x0f\
\xadg\x1f\x8b\xee\xc4Z\x14s\x0b\xf0SS\xc0\xe2\x22\
\xd6\xe79~\xdb\xed\xe2%\xd33\xb8\x94\x19\xe3\x99C\
a\xe0#K\x95\xce9\xb8,\xc3U\x1b7\xe2Q\x8f\
=\x1a\x1f\xf8\xd0G\x01\xf0\xea\x88_;G\xa0\xb2\x0c\
)\xc1\xd4k\x0d\xcd\x04\xac\xf3o\xcdU2\xd7\x88\x82\
\x86\xd0\x19\x0c\xf9\x10\xcary\xc9\x1c\xed.\x8bir\
CV\x81\xaa\xb8\x87\x84nDP\x8c\x95\xd5\x88\xa4J\
\xee\x9a\xc5\x80\xc0\x80\x8e\xad]#2X\xc2\xc5r\x95\
\x8b\x81*t]\x85\xc9I\xf0px4\xee\xd0\xda\x11\
d\x0d\x19\x81Ps\xdale\x85\x5c\xedk\xe8d0\
`vom\xdd\xf1C\xd1q7\xb1f\x02\xafy\xfd\
\x1b\xf1\xec\xa7=\x19\x83\x83\x1d\xf4\xfb\x05H\xd2\xbeX\
6 \xd5D6X\xd9\x96*u\xc6\xbe\x16\xa5\xc7\xc8\
\xe8(\xbe\xf2\x7f\x9fG\xbb\xd3\xc1@\xbb\x03\x90y\x92\
\x00\xc9\xa9\x92^\xb4\xb3\x80Xs\xb8\xaeG\xfb\xa5\x9b\
;\xbd\xc8.\xb9bj\x0a\xcd\xa1!\xec\xf7\xe2\x97\xa0\
\xf7\xe4\xa7b\xf2/\x7f\x01\xff\xf5T4\xcf=\x17\x1f\
\xfe\xf7?\xf0\xed~\x1f\xc3y\x86\x8c\x81B\xcc>!\
J0\x1aY\x06\xf6\x1eSSSx\xc1q/\xc6\xf1\
\xafz-\xe6\xe6\xe7\xc2q\xdf;r\xae\x00\x11\xfc\xe2\
\x22\xd4v\xb76|t\xc0\x88\xe3M\xb4n&\x82\x06\
\xb5Fd\xf61\xbf\xc0rD\xa9K\xb6z\x84\xa2\xcc\
}-\x96\x95\xaa\xac\xd9~\xe8=Y&\xd4\xe5\xde]\
\xb3\x90\xec\x02\xa5\xd4\xcf\xb4\x12 c\x0b[\x9f\xc2$\
\xbb\xc0\xe4\x82zJ\x1a\x07H\x9aV )\x02\x1a\x06\
\xb9Zd\xa5\xaa\xe9\x14\xbe\x8b\x9c4\xd5\xd9u\xda\xea\
\x18R\xbaf\x19\xc46\xb8p\x96e\x98\x9e\x9a\xc2\xbd\
\xef{$\x1e}\xf4\x13099\x89F\xb3\x91\x88\x9f\
\x00\xd9\xb6\x0a\x92\xbePT\x87T~W\xda\xd5\xfb.\
C\xd1\xefcr\xf3f4\xf2<\x81'\xc2Eh\xbe\
\x22=\xe3\xa8\xc5\x14\xb2\x12\x85\xe4\xdd\xeb\x19\xa7(\xcb\
\xc0E\x81rz\x1a\xd4l\xe0\xc0G?\x02\xee9\xc7\
\xe2\xb8\xfe\x02\xbe\xbd\xb8\x805\x8d\x1c\x19B\x82%D\
i\x1f\x87\x82\x86s\x98/Kp\xa3\x89\xf7~\xf23\
x\xed\xdb\xde\x8a\xd9\xd9\x19\xcd\xcc\xb4\xda\xc2\xcc\xa0,\
\xc3\xfc\xd9g\x83\xfb\xfd\x98\x1a^\xe6\x1e\x06_\x12>\
0#\x12\xbf\x10d\xd8D\xd4\xd8s\xcf\x90\x14t\x19\
|H\xf3\x1a\x09\x17\xd5X\x80j\x5c@\xed\x93R\xcc\
\x88\xc0\x81\x081\xf3\xd2.\xac\x01\x88\xd4D\xf8L=\
\xb5vA\xc0\xca\xa0\xcd\xf8\x10\x07\x10/\x81cv\x06\
\x8e)\xc1\xd4\xb4\xf5\xd1\xc1\xb0#\x19\xa4#\x1f)\xbd\
W\x9b*\xd8X\x041\xeb8\xda.\xa1O\xaci\xc1\
\xc4\x06\x0f\xbb\xee\xc4\xc4\xd9\xba\x1f@\x0a\x11\xa1\xdb\xed\
\xe2\xf9\xc7\xbd\x18\xeb\xd6\xef\x85n\xb7\x07 \xa4\xb9\x0a\
c\x89u\xc4\xf6B\x9f\x92\x13\xc5\xc3\xc7v\x95}j\
\xdb@`2\xa5\xf1i\xa8\x8f)>,{\x1a\x94\x85\
2\xe9}\xf1\x96+l\xb1\xbc\x04\xdb\xd9%pv\xc2\
\x9a\x895\xf8\xe3\xcf~\x8e\xc7\xdd\xffH\xfc\xfb\xcf\x7f\
\xc6x\xab\x85^Y\xa20\xceR\xf1\xb5806\x15\
\x05\x0e\xf1\x8c\x0f\x8c\x8e\xe1\xc0_\xfc\x12g\x9e\xf8\x0d\
p#G>0\xb0\xc3)\xc5\x99\x19\xddK/\x01\xc5\
\x03J+s\xe1\x93\xecQ?I\x84\x1f\x19\xa7)\x97\
%\xb2=\xf7\x84\xdbJV` Z\x0af\xb1\xc1\xc7\
9\x91M=\xaa\xd6\xc7{`\xe8\xde\x0c\xcf\xac\xd74\
\xe0\xa8\x96\xe2}W+\x8aw\x8a\xd7\x10\x03\x9f\x92\x1f\
\x10\xc1\x9d\x01\x02\xc3\xb1\xa3`\xfc\xaa\x8cR%\x99\xab\
\x02?p\xde\x1d\xb1\x81\x04\xd3\xad\xbdl\xee\x19xR\
\xd4\x87uG \xa7\xf7\x83\x94e\xeb\xa0\xd8j\x09\xfb\
\x04\x16\xb1\xff\x8dn\x84\xe7\xbf\xe4%\xd8\xb2esH\
G%c\xb0\xd5\x1b]\xbf2\xb5\xb1\xbd\xd4U\x09N\
b\xbdm\xc5w\x05/\x96\xeb\xa0\xbd&\x92\x8c\xab|\
\xfa\xfa*\xde{\xe4y\x8e\xce\xe0 >\xf1\xd1\x0f\xe3\
y\xc7>\x13\xb3\xb3\xb3\x98\x18\x1dC\xdf\x97\xaa\x8d$\
\x0c\x09Z\xd0\xa6\xa2\xc4C\xf2&\xde;6\x81\xbd\xbb\
]\xf0\xcf~\x8a\xd9W\xbf\x1a\xe7\xbf\xe0\x85\x98\xbf\xea\
j\xe4\xed\xf6\xaa\x99\x009\x07\xdf\xed\xa2\xb8\xe4R\xb8\
F\xd8\xbd(\xdbOU\x83\x82\x18\xa6\x88K\x97\xb2\xd7\
\x22-\xdd2\x11\xf2\x89\x09\xed\xf5\xd6J\x10\xfe\x5cC\
5\x82\xec\x97\xaf\x98zr\xc1h\x01\x15\xbbz\x17\xf7\
\x01,\xf5v\xb0\x19FT\xa3\x0c \x18\x9e\x1cG\x97\
\x80<\x14l\x82\xa4\xfe\xab\xd5\xb4\x83\x03\xd70^!\
n\xbd!\x8c\xa1\xea}\x97[\x95(\xc4\xc8\xd9`T\
\xb2\xed\x151\x05\x1e\xf3\xb8\xc7\xe3\x01G=\x0c\xd3S\
a[\xaf\x0eC\xa5\x0c\x92\x042\xa3^\x0e\xab\x04M\
kzA\xb8\x93\x86c\x00,<\xcb\xdeLu\xa51\
_\x7fR\xa5,\xcb\x90\xb8\xb3\xdb\xc5\xcb\x8f{\x01N\
x\xe3\xeb@\xa5G\xab\xd5D\xaf\xdf\x87\x0dDb\xc4\
\xe0\xab\xcca\xaa,\xf0\xec\xf6 ^14\x8c9\xef\
1\xcf@><\x84\x81\xd1\x11\xb4\xfep\x0a.y\xfe\
s1{\xc5\x15\xc8Z\xad\xad{\xe1\xeb\xc5{\xb8\x81\
\x01\xcc_p>\xca\x0b/\x80\x8bIW4\xce$t\
\x02@D\xe28'd\x00\xaa\xe0u\x0e\xcd}\xf7\x0b\
moU*\xc7\xe4\xa6,\x89E\xa0c\xd5$\xb4\x80\
Y\xcd\x81J|Ay\xae\x09\x81]\xbb\x98\xfeY\x92\
\xd3~\x93y.\x04\x5c\xbb`\xfbF\xbd@1?F\
\x13G;\x010\x12x\x07\x8a\xf7e\xcc\xa3/j\xb4\
Y_\xd6\xbeGB\xd2a\x08aqb\x12\xec\xf5\x18\
\xae\x15\x81#\xf6\xf7\xf5oz\x0bF\xc6\xc6\xd0\xefu\
\xe3\x16\x04\x06\xcb)\xf6\xcc\x91\xd9pbt\x92EM\
\xee\x0b\x120\x10\xf2\xc4\x9b\xa5\xc4*\xe6\xa0\xb2\xfe\xcf\
\x0c\xcd\xb5\xabK\x7f\x8aY\xa9\x8d\xeb\xa9\x94E\x81\xc1\
\xc1ALm\x99\xc4\xd3\x9e\xf8\x04|\xff\xdb\xdf\xc0\xda\
\xb5k\xc1\xc4(\xcb\xc2\xf4/\xccK\x06\x87\xb2\xecc\
vf\x06o\x1e\x1e\xc5\xd3\xdam\x5c[\x16 xd\
\xec\x81\xb2\x04\xf7{p\xe3ch\x9c\x7f\x1e.\x7f\xeb\
[P\x02+N\x13\xc7\xcc\xa0f\x13\x8bg\x9f\x03\xda\
t-(\xcf\xc2n\xc4\xf4\x00,\xdc\x93\x18H\x7fD\
\x00|\x09\x1e\x18\x00\xadY\x13V\x13\xb6\xd1\x9en?\
G\x18k\x22j\x9f\xe2\x03 x\x19\xaf\x9b\x8c\xcf\xfa\
\xbel\x80\xda\x85M\x00\x00\x8a[z\xf2G\x0a\x80\x93\
\x9d\x00\xba\x1c\x08\x80\x5c\x05\xbc\xc2\x8cu\xefh\x1a,\
\xab\x13eu\x08\xcb\x80\x9e\xcb\x97\xd4\xe6\xd4\x0b\xab\x86\
%5PB5E{\x10\x09@\xf1p\x92\x95\x15\xe7\
\x1c\xe6\xe7\xe7q\xc0\x81\x07\xe2\xb9/|\x11\xe6f\xe7\
\x90\xb9\x18\x15g\xb65\x07\xe6\x97\x02C\xadbXQ\
\xa9\xc8\x5cS\xa7^\xedyJG\x96%\x13\xc1.9\
Y[\xc3$I\xd9\xc9\xa5,\x0a\x0c\x8f\x8e\xe2\x92\x0d\
\x1b\xf0\xd4'\x1e\x8d\xd3\xfe\xfd\x0f\xac]\xbb\x0eEQ\
$\xad\x83\x00Y\xecj4\x9a\xe8\xf5\xbaXl4\xf1\
\x86{\xdc\x1b\xf7v\x19\xae\xf2\x1e9Ua\x05\x10\xb8\
_ \x1f\x9f\x00\xfe\xf2gl>\xf9\xe4\x94\x9a|;\
\x85\x10\xcc\x91\xe2\x8c\xd3\x917r=\x13B\x112D\
\xa9\xc5\xbe-\xb5\xc9\xf4gQ\xc2\x8f\x8d\xa1\xb9\xf7\xde\
\xc1\x91\xb8U\xa2\x8c\xf5\x13*\xb0W\x07\x9f\xd1\xf1\xc9\
|\xeaR\xb05\x05\x80\x0a\xc3\xd8%\x8b\xed\x9a\x8cM\
\x88J\xf8@\xb8\xa4\xd6\xb6\x0b\xeb\xb0\x92\x14\x94\xe0)\
f\x06s.\x0c\xd5%\xc7G\xca\x0c\xbc\x9aN\x19\xbb\
C\xa4\xb70\x04M\x0c\x9a\x12w\x02qG]$\x1a\
\x870\x11N\x96 ec\xcf\x0aK\x9e\xe7\x98\x9e\x9e\
\xc6\x93\x9fv\x0c\xee|\xf7#0\xbf\xb0\x80F\x9e\xc7\
\xaa\xd2\xf2\x0e\x19\xc4\xb0\x7f\xe2\xa5^r=~:\x1d\
CL@*\xfd4\x9ed\xf1B\x83\xc8 \x18\xa5q\
\xedd\xa4*\x8a\x02#\xa3\xa38\xe3?\xff\xc1S\x8e\
~,.:\xff\x5cL\x8c\x8d\xa1\xe8\x17);\xb3\xc9\
\xe0\xdbj6153\x8b\xe6\xd00>\xf9\xf1O\xe3\
\x91\xaf{=.\x07\xa3\xa9}\x872\xe2\xa0\x1f\x06\x87\
S\xce\x8c\xd9_\xfdJO^\xdafa\x065\x1a(\
6o\xc6\xc2?\xfe\x0ej\xb6\x82\xa0'\xc1+\xd9\xfd\
g\xb2\xfb\xa45\xbcP\x059\xc0e\xf0E\x0f\xad\x83\
\x0fAs\xcd\x1a\xf8\xc2\x9ejT-\xc9\xdb\xbft\xee\
\x12'H\xcf9\x03\x13e\xe6\xf2\xdd\xb9\xb0\xc3q\x17\
\xd6\x00\x98\xa0\x09aU\x8fO\xb0ePL\xed\x13i\
\x9c).\xcf\xc7\xad\x7f\xe2\xf3\x12\x9d\x08\x89u\xa4\xc9\
\xdf\x11d\x0d\x88n\xa4\xa9\xf9\x9e\xe4k\xe2\xbc0\x9f\
\x89\x03\xa7\x89Y\xad\xc8\x94\xc3(^\xf5\xba7\x22o\
4\xc0^\x02\x93\xaa\x92\x99,b\x98~Z\xc9\xa4\xbf\
\x91\xdeKR%\xf9\x10tl\x04 \x9a\xa9N\xa4\x11\
\xc9R\xa0a\xcb;\xa9\x94E\x81\xb1\xb11\x9cq\xfa\
\xe9x\xd6S\x9f\x8c\xc9\xcd\x9b02<\x82\xa2(\xe2\
\xaeHT\xe0\xd8h\x84\xc8\xbe\xbb\xdc\xe5p|\xfb\xfb\
?\xc4\xbd\xee~w\x947\xbd)F\x8e\xbc\x1fxv\
\x16\xe4b\xf8\xb0\xc2F\xe5a\x80\xe1\xe2\x22\xb8(\xb6\
\xdf1fP\xab\x85\xee\x05\x17\x80/\xbd\x14\xb0\xcbw\
\xcaP\xd3w(|\xd2\xf6`\x01\xb2/=\xda\xb7\xb9\
\x0d\xb2\xed\xaeDXs\x91P\x99^\x12ac5\x00\
2\xed\x03\x06\x11B?vy'`\xf8'\xac\xea\x19\
\x8d\xc9\xba\xde\x92k\x0a\x00\xe0\xe0}\xe0\xb9\x14y\x82\
\xa4\x10\x02\x93\xae\xbd!\x1c\xe9T\xddM\xbc\xc2NE\
\xc6Qz\xafKm\xec\xbdY\xb2\x90\xef%J/\xcb\
/>\xe4\xa8\xd7\xcf\xf4\xec\x8e,=9\xe7077\
\x87\xdb\xdc\xf6\xb6x\xc2S\x9e\x86\xa9\xa9-p\x8eb\
\xfd\xf1\x0f!\xdf=3\xa7\xa5A\x1f\xdag\xf9\x94\xbe\
\xc6\xfc\xf8\xf6t \xe9k\xf0ux\xd3\xdf\xe4\x17\xf0\
q\xdc\xde\x8c\xbf\xdc\x89k\xcbe\x19r%\x9es\xf6\
\xd9x\xee3\x8f\xc1\xd4\x96Mh\xb7\xdb\xe8\xf5{\xb1\
\x8f\xacc\x063\xf2\xdc\xe1\xeak\xaf\xc1\x91\x0f:\x0a\
\x9f\xf8\xdc\xe7\xb1\xef~\xfbcjj\x0a\x0d\x00\xa3\x8f\
;\x1a\xe5`\x07\x5c\x16\x01\x7f\xbc\x07q\xcc2\x1f\x05\
\x06\xca\x12n\xcd\x1a\xe4\x9dNH\xca\xb9\x8dq03\
\x90\xe5\x98\xfb\xc3\xef\xe1\x16\x16\x02\xb9E'\x10\xc5#\
\xc3\xf4T\x8a\xb8\x0f\x80\xe4\x5c@m3\xda\xb6Y\x86\
\xe6Mn\xb2]\xe7c\x80oY\xc13o\x96oa\
p\xd1s\xa9\xb8 \xe7>\xea<\xfa0\xee\x9d\xbdo\
cg\x17f\x8e0\xb1~&\x108\xd168\xe8\x5c\
\x8eC\xba0\xddM\xcd\xc1_\xa0|\x96Y\xf8\x9fx\
\xea(}]U\xa7\x908g\xcd\xd1\xa7I\x1b\x8c\xb3\
E\x9e3O\xa9S\x8dWO\xfbZ\x84\x09<\xff\x85\
/\xc2\xc17\xbbyHom\xf6\x92\xcb\xe6\x08\x19\xa4\
\x87\xb8\x9f\xd2\xbfqD\xf0\xd1\xb7\x92\x9cz\x11>H\
\xf0I\xb9\xe8\xaa\x8e\xcc4D3\xe6\x9dP|Yb\
pp\x10\x17o\xb8\x08O9\xfa\xb1\xd8x\xd5\x95\xe8\
t:\xe8\xc5\x94\xe1\x0c\xa4\xfd\x18\x00\x9c#l\xdc\xb4\
\x19O~\xda3\xf1\xe1O|\x0a\x94e\x98\x9b\x9bC\
\xdel\xa2\x98\x9b\xc3\xf0mn\x83\xf6\xa3\x1f\x83bz\
\x0a\xc82@\xc7\x11kc\x06\xe5\x19xf\x1as\x17\
]\x047:\x1as\xfc-3\x1ef\xb8F\x03\xfd\x8d\
\x1b1\xff\xf3_\x84\xb5{\xbbYK` \xcc7\xf5\
89\xb5D\x13\xed\xf7\x815k\xd0\xba\xe9M\xe1\xbb\
\xdd\xed8 S\x9f\x83o\x97S\xcd\x11\xf6\x1a\xeb!\
'F1W\xe6P\xbe\xa7|\x95\xbbn\x09K\xecU\
\x11\xad[\xfa\x83\xb9\x15\xe8\xdb\xec\xb0w\xba\xf7\xbfR\
\x91\xfd-*.\xa7\x9b\xab\xe9\x14-\xf9\x12>\xd4\xc4\
\x88\x19i\xa4\xe3\xaa\x92\x01)3\x0fE\x0eU\xd5\xcc\
V\xd7\x8f\x10&<<2\x82W\xbd\xfeM\xf0\xa5\x0f\
\xceI}\x22\xed\x15\x08jT\xd5\xa3\x22\xc6\x90\xc43\
\xd4\xa1\xa6\xeb\xd6\x09R\x10'\x94\x8c+\x04#\xb2\xd1\
\xf8\xadY\xb3\xe3\x85\x99\x917\x1a\x98\x9a\x9a\xc2\x8b\x9e\
\xff\x5cl\xd9\xbc\x11\x9d\xe1a\x14e\xa9\x1a\x18d\x5c\
\xe4\x90e9&\xa7\xa6q\xdc\xcb\x8e\xc7[\xdf\xf9.\
\xf4\xfa}\x14\xfd\xbef\xf1!\xe7\xc0ss\xd8\xe3\xb9\
\xcf\x87\xbb\xc3\x9d\xe0\xb6l\x81k4C\xbeA\xe9-\
\x97p\x03-\xe0\x94\xdf\xe3\xca'<\x1e\x97\xbf\xfb\xdd\
\xe1\x80\xd0e\x98\x00{\x0f\xeat0\xfb\xc7S\x80\x8b\
7\x80b\xa2U2\xe6S\xea\xdfR\x5c\xd4o\xce\x81\
\xbb]4\x0e\xbb5\x9a{\xef\x03\x96\x84\xa0\xdb()\
#\x93\xcc\x85\xa6 1\xdf\x96\xc3Su\x95\xed$\x16\
}\x03\x14\xb3\xd5^\x85g\x82\xa7rZ2\x89!\xc5\
=e\xed\x85\xc4\xe5\x01U\xbbt\x99l\x07\xec\xd5\xb4\
$\x86\xf0i\x92j\x08{f\x092b;\x00\x0fY\
F\xd3wi\xc7\xc9%\xcb2\xcc\xcc\xcc\xe0\x1e\xf7\xba\
\x17\x1ep\xd4C0+\x07\x8b\x88\xf3CT\xcc(\xe8\
\xe4,D\x03\x8e\xf0\x85\x92TO\xcbUI\xaaT\xde\
\x89}\xd6\x00\x229\x80\xc2\xd4\x7f]Q\x8c\x99\xd1\xe9\
\x0c\xe2-\xaf{5\xfe\xf3\xcf\x7f`dx\x18\xfd^\
O\xd7\xd1\xa5O\x0e\x04b\xc6\xb5\xd7\x5c\x83\xe3^\xfe\
J\xbc\xf4\xf8Wbrr\x12e\xbf\x0f ,\xd7\x8a\
yR\xf4\xfb\xc8\x9a\x0d\xec\xf1\xd6\xb7\xa1\x7f\xeb\xdb\xa0\
\xb7y\x130;\x1b\xc7\x00 \x1e#F\x8d\x06\x1a\x0b\
\xf3\xe8~\xfa\x93\xb8\xec\x8do\x007\x96f\x03\x22\xe7\
P.,`\xea[\xdfB\xe6bf(#\x99\x02H\
\xd9\xe0\xaf0\xd3Pd\xe9\x96\x08\xf0\xfd\x1e\xda\xb7\xbb\
\x03\xb2fs\xfb\x12\x99\x08\xaa\xbaKt\x19[f-\
s\x17?e\xbe\x90hB\x13\xa8\xa9\x1fh\xd7-\x89\
tXI\xcb\xc4@Y\xdeJ1\x1c\x10\x0e$\xe7\x7f\
\x18\x94\x15\x0eAH\xe7\xb2U$\xf7\xea\x8a\xc4\xde\xcb\
\xab6\x16^~/+\x0a*\xac\x89t\xd7\xd8u-\
\xfd~\x1f\xc7\xbd\xf4\xe5\x18\x19\x9f@\xe9Ku\x04\xa6\
eG\xed\x98q\x04&(B?S?\x99\xa1c\xd4\
\x8d4I\xd4\xe8\x98-\xea\xa1R\xc7\x8e\x95\xb2,1\
:6\x86\xaf}\xe9\x8b\xf8\xf1\x0f~\x80u\xeb\xd6\xa1\
\xdf/\xf4\xa8\xb5\xd8[\x80\x08>\x04y\xe3\x9d\xef\xff\
 ^\xfd\xdaW\xa3\x1fs\x1d\x0c\x8f\x8ebhx\x18\
C\xc3#\xf1s\x18\xc3\xa3c\xe84\x9a\xd8\xe3\x90C\
p\xe8W\xbe\x8a}\xfe\xf7\x0bh=\xe0\x01 \xef\xe1\
\xcd\xf9\x83\xcc\x8c\xd29\xe4{\xee\x89\xde\xcf~\x82M\
\xdf\xfb\x01\xb2\xa1!=\xa8\x83\xcb\x12\xd9\xd0\x10f\xfe\
\xf4G\x94\xff\xfe704\x08\xddg\x1f\xb1@q\xcc\
\xa0\xa9\xc2\x8a\xa2\xd9J\x04\x94%\xfc\xd88\xda\xb7\xbb\
\x1d\xb8\xdb5\x0e\xbem\x15\xc1cE\xbe\xa4\xffV`\
\x1f\xb5M\x12m/]\x97o\xe9P\x9b]\xb4\x90\x11\
%\xa4\xbf\x05\x94\x5c\xfb\x0e08\x17\x0f\xb5gJG\
\x8a#2O\x0e\xaaS\xa5\xac\x12\x08\x8cxv#\x87\
\xa3\x07}IF\xc5\x8e\x87.\x22D \xca\xe99\xda\
Ma\x1au\xd5\xf0:\xcc\x83\x8b)\xc4\x0e:\xe4\x10\
\xbc\xe8\xf8W\xe0u\xc7\xbf\x0c\xeb\xd6\x07\xa2!\xbb;\
\xa9\x86[\xa1[\xa13\x8a@\xa6C\xa2^\xca\xd9\xf3\
\xb2\x01\x19\xb0LC\x81*\xe8\x16_\xdf\xb1\x01y\xef\
\xd1\xe9tp\xd6\x19\xa7\xe3]o\x7f+\x06\x07;(\
\xcb\xb2\xca\xa4\xa4\x9f\x1c\xf2\x1a<\xe3\xd9\xcf\xc1-n\
qK\xfc\xf0{?\x00\x01z\xe8%\xfb\xe00\x93k\
\xbe\xf4\xc1GR\x96\xc8\xf3\x06\xb2\xd1Q\xe4\xf7\x7f \
F\xfe\xf9/\xf0\xe4\x16 \xcf\xa3s\x8e\xc2\xc1\xa2E\
\x81f\xa3\x81\x99o}\x03\x13\x0f~\xb0\x9a\x02.\xcf\
\xd1\x9f\x99\xc1\xe4\xc7?\x86\x86\x83\xaa\xfe,&\x97\xa1\
\xbf*[\x90{Q\x83\xcar`~\x0e\xad{\xfc\x0f\
\xda\x87\x1c\x02??\xbf\xf5CA\xd3\xb4\x00Q\xf5\x97\
\xa9%i,\xb6k\xb2QV\x08\xa8\xceZ,\xf3\xdf\
U\x8b:\xeed%#R9E\xbb\xd4t\x9fe9\
*WZ\x03dR$'hzZ\xe0U7\xd0V\
Z\x18\xba\x04\xa5\xd4C\x12W/\xd3\xae\x9d\x08i\x98\
j\xfb\xe9\xd3\xf7\xeb`\x03\xc4\x22a\xc2G?\xf1I\
8\xe5\xb7\xbf\xc5\xaf~~2FG\xc6B\x90\x0c\x12\
\xe1H3\xa1\x97\x9c\xb8\xa2\xf4A\xc6#\xdf\x15}m\
\xcf-qW;\x9eT\xd8\x1d\x1b\x90\xaci\xbf\xe5u\
\xaf\xc5\xc2\xdc\x0cF\x86G\xd17Kr,\x83\x89\x0e\
\xacf\x9e\xe1+_\xfc\x02>\xf9\xb1\x8f\x22\x13\xed\x8e\
M?\xe2x\xf2,\x84\xd0\x12\xc2BP\xe6\x08EY\
\xa2\x93\xe7\xf8\xe8\xc4\x1a\x8ce\x19|\xcc\xe3\x18\xf0,\
DDf\xad\x16\xfa\x1b.\xc2\xdcy\xe7b\xf4\xe6\xb7\
@1;\x037>\x8ek>\xf0>\xe0\xac3\x81\xd1\
1\x90\xf4\x8f\x12CE\x9c\xef\xea\x1a\x93\x90e\x94\xc7\
\x04\x14e\x89\x91\xbb\xdd\x0dY\xa3\xa1\xdb\x96\xb7U\xd4\
A\xcbH\x1a\xdar\xcf,;o\xe9\xa7\xb8\xa8vu\
'`U\x05\xa8\x5c\x12`Z\x0f'\x00\xe6\x5chO\
\x0f\x0f\x02\xc0D\xe9@!\x08\xd2\xef\x18\x00\x84q\xa4\
\xe0\xda8\xd9dTe\x18r\x89\x0d3\x89\x84P+\
6\xe2\xc2\xce\x99\x04\x91z\xafz\xfd\x1b\xf0\xcf\xbf\xfd\
\x15\xdd\x859P\x16\xce\xabW\x18\xd5G\xa2\x90dU\
Y\x03?\xb3\x5c\xa0\x8ed\x86\x91FX\x90\xf9\xbe\x5c\
K+)\xa2\xfa\x7f\xfb\xeb'\xe2\xd4?\xff\x11\xa3c\
\xa3\xe8\x15E\xaa[ZNv\x17<\x80\xb2\xdfC\xa7\
\xd36\xbd\x8a\xa3\x89fP\xd0\xc6X\xcd>\xcf\x8c\xdc\
\x11J\x00\x1d\x1f\x82\x7f\xd8\x91\xaa\x8a\xca0\xc1@\x96\
\xc3\xcf\xccb\xfe\xaa\xab0z\xcb[\x22\x1b\x1c\xc4\xec\
i\xa7a\xee+_\xc1\xc0\xd0P\x08\xda\xb1c5\xe7\
\xc0q\x15\x0b\x14\x8e\x04\x84\xec\xf5\xbd>h\xef}1\
t\xd7\xbb\xc1/,\xac(\xfc\x98\xa8\x16\xc4fa\xa3\
\xcdYN^S\xec\xe2\x05\xb6/\xfe\xff\xa0\xd4\xfak\
\x110rl5\xfa\xc9\x11U\xc4z \xf9\x88\xe80\
\xd2\x81\xb5\xae\xd5K\xabdcG\x86bO\x8a^\xfa\
\xb4\xfe\xcb\xb5\x87D\xa2\xed\x8c\xb9\x900\xe1\x9b\xdc\xe4\
\xa68\xf6\xf9\xc7azf\x16\x99K\xea\xfd\xd6&]\
zW! \xf3\xf0\x12\x04\xaa\xbdk\x9dJ\xa6\xc2\xd5\
\x15f=\x13\xe13\x9f\xf8\x18Z\xcdf\x88'0\xed\
/\xa7\xc2\x06\xa1M)\xf6\xc1\xfb\xb4O\xa3,Q\x96\
\x05\xd8\x87\x03AJ\xef\xf5w\xd1\xef\xa3\xd7/\x90\xb1\
G\x90\x18T\x85\x8fhKr\xcc\x9c,\xfb-,\xe0\
\x9a\x13\xde\x86F\xd1O{\xf9\xd9\xfc\x99\x1cU\xb0\xf8\
\xc6\xe9A\x06@\xce\xa1\x98\x9dC~\xcf{\xa2\xbd\xff\
\xfe\xf0\xdd\xee\x0a\xf5q6\x9am\x82C`*\xe9\x19\
\x8bmKjM\xf2o\xb9\xbb\xbbd\xb1\x14B\x80\xa4\
\xfaO\x1a6\xd2\xbe\xca\x5c\xd6\xb9\x13\xef\xb5\xb3Z!\
\xc3\x1d.K4\x07\xf3sYD\xb5\x9c\xd9l#&\
5\x1bvN\x91l\xc2Oz\xda\xd3\xf0\xb3\x9f\x9e\x8c\
\x7f\xfd\xfdT\x0c\x0d\x0d\x85S\x80\x96\xa3\xe4\x04\xc0`\
\x0d\xc9wg\x10\x88\xcd\xa3\x15\x81f\xcc\x07\xbd(O\
\xae\x0e\xb1\x8a\xb2\xc4\x9a\xb1q|\xfa\x13\x1f\xc3\xf9\xe7\
\x9e\x83\xd1\xb1q\x14E_\x05\x9auDf.\xd3\xea\
E\xa3\xaa\xb2/Q\xb1\xc5\x81Yk,\x9a\x029B\
\xc2\x90n\x9e\xa1\xc9\xcb\xe1\x08\x85\x13\xa0GF0t\
\xe3\x1b\xa3,\x0a\x5c\xf5\x967\xc3\x9dq:hd$\
E\x0bV\x1a\x10\xce!\x1dd{'\x5cw\x0e\xe8\xf7\
\xc0\xfb\xee\x87\xb5O~*x\x85\xd2?U\x22\xe1\xbf\
\xb5.\xeb3\x91\xa5[\xc1\xa2\xeaf\xf8\xe1\xc4\xa6\x06\
k \xd7\xf5\x91\x1f\xb0\x06\x19T3h\xad\xa4\x18\x9c\
2\xb8\x0a\xd1\xe4\x11\xd4oJ&\x01r\xf3nU\xe8\
\x11@\xcc\xa4f\x80\xe0\xe9\x0e\x8c[UQ\xaa]3\
T&\xc4m\x951ET\x13\x12\xeev\xf2\xe9,\xec\
=\xf2F\x03/9\xfe\x158\xe6\x09\x8fSv\xaf\xfe\
@C\xb7B\xf0\xe9\x08B\xb3\xea\xaf\x9avdRD\
\x954\xdc\x9eY\x1dn\x8a\xef$\xdcz\xe5L\x8d\x99\
\xd1\x1a\x18\xc0\xa5\x97\x5c\x8c/|\xe6S\x18h\x0f\xc0\
\x97\x85\xbag\x98e\xbb\x04\xa3\xd1\xc81;7\x17\x8e\
MsY8\xb6\xdc0\x83\xd4\x87\xc4\x04\xe2\x90uL\
\x15\x07&<\xa6\x8b\x12\xe3#\xa3\xe8\x85\xce$fC\
\x04^X\x04\xf6\xbf\x11\x9a7\xba\x11.\x7f\xfd\xeb\xd1\
\xff\xd1I\xc8'\xc6\xe3\x86\x9dP\xb3\x9d_\x91\xcf\x8a\
\xa0\x96A\xca\xad\xcc\xa1\x9c]\xc4\xd0\xe3\x1e\x87\xce\xfe\
\x07\xa0\x98\xdc\x12\x1c\x8c+(\x9a\xf5\x89\x8d\x8c7\x0c\
\xd2\x0a\x13\xc9[\x19>\xab\xf3\x848O\xceeh\xb7\
\xdb\xe9\x04\xa9\x95\xf5\x02\xcb\xcd/\xd7\x9eXz-D\
\xaa\xf6{\xbd\x15\xb6S5+\x93\x16\x1f\xf5S\xf2\xc4\
!\x12HW\xb0\x89\x99sy\xb1\xae\xc0R\xac,\x11\
\xeau)\xc2A\x97\x8aTuV\x0a\x22D\xbb\x905\
H\x87S\xf3\xd7\x03\xd7\x95D\xa2w\xb9\xeb\xdd\xf0\xc4\
\xa7\x1e\x83/~\xf6\xd3\x18\x1d\x0b\xce4\xb1\x89\x05A\
\xe5{\xe2\x94U\xf5\xb1\xb6FX\xd1\xab\xc4Yf\xc7\
\x0e\xd4\x1d_\xdb/\xde{\x0c\x0d\x0e\xe2+_\xf8<\
.\xb9x\x03\xd6\xad_\x8f\x22\xee\x883\x9a4\xb2<\
\xc3\xec\xcc\x1c\x0e?\xe2\x08\xdc\xf9nG`!\x86\xdf\
VM:\x91\xb3Bm\xa4LD\xba\xe8\xcc\xd2H\xde\
lb\xfd\xe4\x14\xfa\xdf\xfd.\x9c/\x81<\x0b\xbb3\
#A\x94`\x0c\xde\xf3\x9e\xd8\xf8\xeewb\xe1[\xdf\
Dc\xddZp\xbf\xa7}\xa3\x1a1\x04\xa5(\xb1\x03\
\xeb\x1f!@\x03\x7f\xfc\x017\xc2\xf8\xc3\x1f\x01?7\
\xbbr\xe9\xafm\x90\xa6<H9\x06Ya\x05\xd3\xa2\
0n\x91\xbe\xd2/f\x84\x03h\xe6\xe7q\xeeYg\
\xa2\xabK\x90\x81\xc1Hh\xb5l\x04K\x19\x84\x020\
\xb5.FJ\xb7f\xa6]\xcc\x1e\xcbT|Yb`\
`\x00{\xed\xb7\xdf*\xb4\xde\x04_&\xcbl\x83\xe8\
W\xdc\x8d\xc2\xc2\x83\x90\xc3{\x8ap \xc7D\x1e\xba\
\xfaB*\x02\x22\x87\xd8Q\xeb[c\xf85\xa0\xc8\x8e\
\xbe\xaem\xc7\xc6\xb8J.\x8c\x18\xc7\xedyg\xf9\x01\
\xb58\xe70?7\x87\xe3^\xf22\xfc\xf6W\xbf\xc4\
\x15\x97]\x82f\xab\x15O\x05N\x1eb\xa1y]\xaa\
\x92d\xf52\x06\xae\x18P\x10\x13F\x1c\x9f\x00#%\
\x0e5\xc1D+,\x1cm\xff\x8d\x1b7\xe2;\xdf\xfc\
:\x86\x87\x86\xd2\xca\x85\xe7\xb4\x84\x0bB\xbf\xdf\xc3\xf8\
\xbaux\xcb;\xde\x85\x83\x0e9\x08\xdd\xc5\xfe\xf29\
\xfc\xaa\xc0_b\xf9T\x16=\x981O\x84knw\
{ly\xdb[\xe0\xba\x8b \xe7\xe0\x18`_\xa01\
2\x8a\xfe\xaf~\x09\x5cx!\x9a\xe3c\xf0\xbd\xaeJ\
\xf6\xa0E\xa6c\xe6\x03\xe8\x22\x03\xb2j'\x8c\xb2\x99\
\x85q\x8c\x1d\xfb\x1c\xb4\xd6\xacA9=\x1d\xc2\x92W\
\x0e\xb1H\x9c\x00\xcb\x19\x91\x10f\x13\x07+\xeb\xe0\x22\
g\xec\xf1u\xb1\xf8\x98T\xe5\xbcs\xcf\xc2\x13\x1e\xfd\
\x08\x94\xe6\xf87\xad\xd1\x10:\xa4\x0d\x91\xacV\xf3\xd5\
\xc4\xba\x86\x0e|%bO\xf1\xf1\xd6\xb7\xb9->\xfb\
\xe5\xaf\x05\xcdm\x05%V\x1b\xeaN+;\x04$\x17\
\x0c \xcc\x90A\x04\x97\xc3\xb9\x90\xe9 \x9cW/Z\
Yz\x5c\xbd\xc8\xaaR\xac\xa83\x09\x10!\x99\xa6s\
\xae*4\xe3]/rAT\xc4\x9a\x9dL\x062J\
x;Y\x11\x900\xe1\x91\x91Q\xbc\xecU\xaf\xc1\xf3\
\x9eu\x0cZ\x03\x03\xb0\x08i?\xf5\xbb\x0a\x8f\xa4\xca\
\xa2\x82\xe0\xa8\xbdi\xa2\xc9\x12\xb5\xd6j\xdezaf\
\xb4\xdbm\xfc\xeb\x9f\xff\xc0y\xe7\x9c\x8d\x91\x91\x11\xf4\
\xcb\x12\xf5\x08\xcd,s\x98\xdc\xb4\x05\xaf|\xfd\x9b\xb0\
\xff\x8d\x0e\xc4e\x97^Q9\xdc\xb4:\xf8\xd4\xe7e\
~\xea\xd0dV\x88\x19\xeb\x1e\xfep\xf8\xab\xaf\xc2\xe4\
\xbb\xdf\x89|d\x14\x5c\x14A\xba\xf6z\xc0\xc5\x1b\xe0\
:!UX\xd2,d\x00\xd5\xa1&4\xe3\xa5\x0dg\
\x19\xfc\xcc\x0c\xf2#\xee\x81\xf1\x07<\x10\xe5\xec\xec*\
\x89\xbf>F2m\x90\x99\xa7\xc8\xa0\xec\xbdzW\xe3\
\xfb\xde3\x16\xbb]\xc5\x0ac\xc4\xe8sz\xa8\x95^\
\x8c\xda\x05,\x18\x8c\xa6\xcd\xd2\x1d\xf9\xc2!\xa5]\xaf\
\x8f~\xb9\xf5\xa3\xcf\xb7?`\xfdZ\xe5w\xca\xca\x83\
\x17\xcb9\x8ejNPi\xc2\xd5J\xe0?U\xb8\xd3\
jU\xb0\xf0\x0eU\xd5c\xb55%\xfa\x0eF\xcb\xb0\
-\x93\x99\xab\xd5:DVWB\x98\xf04\xee\xff\xc0\
\x07\xe1AG=\x0cs\xd3\xe1\xa4\xe1\xa4\xba\xa6\xeeK\
\x0f5z\x0d\x9cTB\xbdK\xaa\xd2\xea\x1d\xfd\x11\xde\
K\xef\xac\x8c\xa92\x87\xc3;\xffx\xca\xefC\x1b\xce\
\x198\x85\xb6\xb2,\xc7\xdc\xfc<\xeer\xb7#\xf0\xc8\
G=\x06SSSh\xb5Z\xc8\xb2\x0cy\x9e/\xfd\
\xcb\xaa\xbf\xb3\xda\xfd,K\xd7\xb2<\x87\xcb2\x14\x9b\
6a\xe4\xde\xf7\x01\xf6\xda+l\xce\x89IV\x98\x08\
h\xb6\xe2\xa6\x1b\xd1\xe4\x02\xa13D-\xadF\x96\xca\
\xdc&XR\xc8\xc1\xe0=\xfa\xa3\xe3Xs\xdc\x8bM\
\x9a\xba\xd5\x156\xc4N\x94\xb2='\x89\x121\x90\x04\
\x8ad\x1c~\x06g\x8d\xa30s.h=.\x9e\x95\
\xe0\x1c\x1c\x85\xcf\x8c\xe2\xbd\xf8;\xe4^\xc8\xf4Z\xc8\
9\xe0\x90\xb9\x0c\x99\x5cs\x04\x22\x07G\x192rA\
Xf\x19\x5c\xe6\xe2N\xd2U\x8c\x17\x09\x93\xf4d\xef\
DC\xaao&\xb4cv\xc1/ \x91P\x89G\xe8\
\x04\x91\xfd]\x954\xab)\x1a],DA\xc9\xd6\x90\
\xea\xebpO\xd7\x0dW\xbe\x1e\x99\x00\x11\xa1\xd7\xeb\xe1\
\x15\xafy\x1dF\xc6'\xd0\xef.\xa6\x90Z\x8a\xd2\x9b\
\x09\xa8o0\x911\x89\x1b\xbd\x22:\xccX\x8dT\x88\
\xacuU\xe0\xcc\xa2\xbf\xe2O\x7f8\x05\x8df\x03\xde\
\x970\x8d\x01\x14\xce\x1bX\xec\xf5\xf0\xf4g\x1f\x8b\xf6\
\xe0 \xfc\x0eK\x11\xe9*\xeb2!\x97%(\xcb\x90\
\x8f\x8d\x81\xb3L\xe1 \xf9\xe4\x03\x9aI\x8a\xb1\x94<\
\xa4\x8a~\xb1\xab\x156`G\xc1\xa0,Cwv\x06\
\xa3/z1\x86\x0e=\x14\xe5\xc2\xc2\xf6\xa3\xfe\x96+\
\x22YkSB\xba!Kp\x8f\xaa\xcf#<\xa3\x12\
I\x10V\xcc6c\x14Vw\xad\x06xIr\xb1\xca\
\x0eWy\x83e\x0f\xa9\x95x\x5c\xad+\x069y\xbf\
\xed-\xd6\xf5\xb2\xc4TUr&#v\xa2!\x14\xff\
\x95#1\xe4EfN!\x12\x09p\xc6\x89\xb3zF\
\x1c\x90\xc8\x1a!Qy\x22NW\x92&`5\x85\xd8\
\x09\xb1\x15\xafG\xe2\x97\xfa\x17\x17\x17\xb1\xff\x01\x07\xe0\
\xf8\xd7\xbc\x0e\xf3\x8b]\xe4\xb2C\x0e\xa2!\x1aD6\
\xaa1K\x9f\xa3b+,\xcb\x9em\xaf\x82'jU\
\x89\xf5n\x7f\x5c\xcc\x8cf\xb3\x89+\xaf\xb8\x02\x17_\
t!\x9a\xcdVB\xc6\xd8n\xe6\x1c\xa6gfp\x97\
;\x1f\x8e\xbb\xdf\xed\xee\x98\x99\x9c\x0c+\x16\x91xW\
\xf3\x87\x98\xb2\x9b\xb2\x0cy\xa7\x83\xc6\xd8\x18\xb2\xb11\
\xf4\x17\x17q\xd5\xd7\xbf\x8e\xab^\xfabd[6\x03\
y#\xad\xffW\x80)#\x15\xae\xae#\xa9 W:\
\xaa=>\xd0l\xa0\xdc\xb2\x05\xcdG?\x06k\x1f\xf9\
H\x94SS+\xf6\xfa/\x05\x9a\x15\x1e6vA\xa3\
1t\x85@p[\xb1\xb4\x82\xafH\xcf\xc9E\x96y\
6\xfbH`\xf6\xd3G\xcd\xa2\xb2\x94'\xbf\xcd\xac\xab\
\x06bpC\xbai\xb6\xc1\xad\xa8Tzl;\xaa\xde\
\xa6\xca\x01\x00`\x02\xe5\xf2\xaap\x1dX\xaf\x15\xa7{\
\xf2\xc7\xab\xdc\x94\xaf\x1c\xde\xd6\x15\xd4\x8fD<b\xfe\
x6\xbf\x85\xc8T\xa9\xd1\x09\xbd\xbeM\x81\xe9\xe9i\
<\xf6\xf1O\xc4/~\xfe3\xfc\xe6\xe7?\xc1\xe8\xe8\
(\xfa\xfdBz\x11\xfbBi\x1c$\x97\x8c\xa6b+\
UOZ\x1a\xbf8i\x92\x04\xd9v\x09\xcbz\x0dl\
\xd8p\x11f\xa6\xa7148\x88\xd2\xfbXe\x5ce\
\xf0\x0c\xcer<\xefU\xaf\xc1\xe0\x1ek13\xbb\x10\
v\xdfm\xb7\x18\x02\x951\x94\x1e\x5c\x16\xe8o\xd9\x82\
\x85\xb3\xce\xc2\xe2\xc5\x17\xa38\xf7\x1c,\xfe\xe5\xcf\xf0\
\xe7\x9d\x8bf\x96\xc1\xb5\x06\x80\xb2\x80\xb2@\x0e\xa7/\
U\x96\xd7\xcc\x98E\x88\xc8\xc8U\xa0\xc83\xcd\x06x\
z\x1a\xe5-o\x85}^\xf4\x12`\x05\xdb}\xb7;\
2Nxd\xfc\xd9zM\xd6\xc5\xd2Rab\xee\x09\
(l\x1e7Z\x9d\x9d7\xc1\xe1J\xeb\x9c.(\x1c\
\x12\x8e\xc85JKa\x22\x1a\x13SZ\xcdX\xc9\xec\
\xad\x10\x87;K*\x80\xa4\x0d\x19\xed\x00\xb9O\xea@\
\xeau\xe0\xc8\x15<\x16\xe1\xbc\xda\xe9\xa8j!U\x00\
\x86~\x9a\xf5\xe7\xe5&[\xf5\x98\x94\x9b\xef\x86\x88\xc9\
\xee\xf5\xbax\xf9\xab^\x8d\x7f\xfe\xed\xaf\xe8w\x17\xe3\
^\x06\x8e\xfcQh\xdf8\xf5(\xa8\x8d\x5c\xd7j\xcc\
\xaf*k\xb0c^\x99\x06\x90\xe59.:\xff\xfc\x90\
\xde+s\xc9\x8b\x8e\xb0\x81g\xb1_\xe0\x80\xf1\x09\x1c\
x\xc1\x05\xd8\xb0a\x03\xd0h\x00\x1c\x02xR.\xbc\
\xd8Z\xcc\x0d\xc8\xde\xc3\xf7\xfbp\xcc\xe0~\x1f\xe5\xfc\
<\xa8\xdfGy\xed\xd5(\xae\xbd\x16\xbdK.\x81\xbf\
\xea*\xd0\xdc,rf\xe4\x03\x03\xc0\xc8H\x90\xfa\xf1\
L>k8*A\xdbbTl\x85\x15\xaax\x80<\
\x07\xcf\xcc\xa0<\xe8`\xec\xf3\xee\xf7\xa09<\x8cr\
5A?\xcb\x14r\xa4I_R{F\x85\x97{\x15\
Gsm\x96\xa2vR\x9d9ae\xb4d\xb8\x5c\xa9\
\xa3\xaa\xf9T\x8e:TJ4sR\xff\xb6#\xbc/\
V\xc9J\xb0\xc6,\x10\x01\xacW\x18y&\xec\xc0\xb2\
g\x8e\x22\xae\xde\x81\x1d\xa4;\xe6hC\x1a\x0dB\xb9\
\xa9,\x9d\x09\xd4\xf4^\xe8\x90,\xa70\xc5\x14\x5c;\
x\x1a\xcdj\x8a\x84\x09\x1fz\xe8\xcd\xf1\xac\xe7<\x0f\
\xef~\xeb\x9b0:1\x1ev\x0cF\x89\xab\xdc\xde\x0a\
\x81\xfa\x05\xbd\x01\x80|\x8a\x85b\xa8\xc5\xe7\x8d}\xb8\
\xadBD(\xfa\x05\xce:\xf3\xf4\x10PT\xc6\xd4c\
\x82\xda\xcc\x98'\xe0N\xddE\x14o\x7f\x1b6\x95\x05\
\x1a\x94i;\xb1\x96\x84\xe8\x82\x0bQ\xb3\x8b\x19\x12\xc1\
>\xec&t.$\xe0\xcc\x1b\x0dd\xcd\x06xx8\
\xd4\xe5\x19\xdc/\x8c\xa2\x0a\xc3\x14\xab\xdaZe\xf8\x06\
\xdfYo\x87\x8b\xd4l\xc0\xcf\xcc\x80\x0e9\x14\xfb~\
\xe8\xc3h\xad]\x1b\x18\xd1\x8e\xaa\xfe\xd2.\xa7S\x98\
\xe44\xdc\x8aP6\xda\x9b\xc5?\x00\x9a\xe84\xed^\
DE\x81\x15&R{\xcdBE\x0f\xd2Jz\x04\x9b\
+\x5c{:\xd5&1'V9Z\xd9\x80C\x9e\x8d\
\x94\xbdX\x99\x8b\xe1\xce\xb6\xbf\xe4\xf2\xb8/\x07\x0c\x8d\
T\x8b[\x06\xecf\x8c\xf88U__iQ!\x17\
\xb9i\xb8\xc6\xa9MAcB\xe5\xbbj&\x86;K\
2\xcf\xeb\xbb\x840\xe1I<\xe9\xa9O\xc3\x8f~\xf0\
}\x9c}\xd6\xe9\xe8D\xa7Z\x12h\x82\x04\x94\xa4\x7f\
\xc0\x1a\xd1\x11\xe3\x83\xe1\x8bD\x02Z\x1f\x01\xadpv\
\x09@Q\x16\xb8\xea\xca+\xe12R\xc0$dt\xc8\
\x01\xdc\xac\xd1\x80o\xb7\x83\xb4\x8e\xc8n\x22\x95\xa1y\
\x19\xe2\x5c.'y\x04\xeb\x84\xa1y\xef\x83\xb4\x97\xa7\
\xec\x09\xbe0&\x0d\xd5\xea\x88dd\xa5\xa96\x1d\xbf\
\xbb,G93\x0d>\xf0&\xd8\xeb\xbd\xefEk\xdd\
:\x94ss\xd7\x99\xf8\x03XXqH\xb19vY\
\xa32#\xfc\x12ZS\x1cO\xf8\xe5\x90\x98[ ~\
\xd2\xbe\xdb\xf8\xfa\x0a\x08MS\xcb\xfd\x0euq\x15 \
\x11\xd6\xb2\xad\x5c\xab[-\xb9\x11\xc2\xb6vo\xe8V\
\xe4;\xc9H\xc5\xa1\x0dv\xcc\xe1l\x00\xb1C\xec\xe6\
 \xc5\xe5\x1a7_e\x7f\xd4\x99A\xb5;\x89\xc9\xc4\
\x9e1R\xaf\xd5;\x14\xffD\x15\xe3\xd5\xbaFv\xbc\
\x94\xa5\xc7@\xbb\x8d\x97\xbd\xea5\x81\xf1T\x88\x95t\
\x0c\x01N\xd2\xef\xa4\x1e\xa6'\x95\xfbAP\xb1\x12\x96\
\xb5\x9d\xc2\x1c\xf6\xd5\xcf\xcd\xcc`\xd3\xa6\x8d\xc8\xf3\x86\
\x22\xaf\xcc\x94gF\x1b\x84\x03\x5c\x8e~Y\xc2\x15\x1e\
\x5cz\xa0\xf4\xf0ELvYz\xf8\x22:\xfa\x0a\xf9\
\xed\xa3\xbd_\x02E\x19\xbe\xc7g\xe0KP)R>\
\xfdQ<>V\xb2\xcf&\xf1\x88\xf4\xac\x99\xf1eG\
H\xe1\xb8\xf1rr\x12|\xeb\xdbb\x9f\x8f}\x02\x03\
{\xed\xbd\xf3\x88\x1f\x00H\x92\x8d\xa4\xfe%\x97\x00'\
\xc2\xa3\xda\x9a\x84\xe1\x07Im\xaf.YS}\xcc\xf5\
\xb2\xacbG\xa6nJt\xa5x\x10\xb7gC\x18\xf0\
\xea\xf0\x5cqJ42F`\x04r\x9f\x85\x92R\xbd\
\x8e\xbdw\x010\x9c\x1a\xaddN\x8du\x1a\x04Xm\
\x091\xd6\xd0:+\x89292\x0831\xe9\xbfx\
\x9aN\xec\x877[uo\x88\x92e\x19f\xa6g\xf0\
?\xf7\xb9\x0f\x1e\xfb\x84'ajr2\xa4\x10\xf3\xd5\
\xb1\xf8\xd8\xc7\xcaN\x06\xf1\xd0s\xcaj\x9c2\xd2\xca\
8\xe5\xf1\xed3\x81\xcc9\xcc\xce\xceb\xd3\xb5\x1b\x91\
\xb9,\x1eb\x99h\xad\xcf\x8c\x11\x10\xd6\xba\x0c\xfd\x92\
\xe1\x8c\xe3\x96,\x90\xcd\xd2\x94\xa4\xc0\xaaX!\xcc!\
\xb3\xac\xe2A\xc8\xd2\xabHo\xe6N\x9e\xb1\xef\x12W\
\xeb\xae\xd4+\x0c$\xcb\xe1\xca\x12\xbd\xa9i\xe4\x8fz\
\x0c\xf6\xff\xc8\xc7\x82\xe4_X\xd8y\xc4\x1f\xe1\x22\xce\
0\xb6\xe3\x5c\x82\x87\x89-\x03lAd\xbb\x1d\xebA\
\xaa\xcf\xd4\xab\xa6\xaa\x99\xdb\xb0\xe5\x5c2as\xc2\x1b\
\xc9\x14\x1d;Y\xa7\x0b\xed\xeb*5]\xd1\xe4S\x22\
\xd4\xc8\xd6\x22# \x89\xa25\x89\xa8]j\xa4\xbe2\
\x1b\xabL\xb7\xab\x88\xb2\x9a\x8e\x19{$I\xcd\xd0^\
e\xd9\x1cF\xa2\xa86P\xeb\xcf*\xb9\xe2u-.\
s\x98\x99\x99\xc1K^\xfe\x0a\x1cp\xe0M\xb1\xb0\xb0\
\x18\x02<\xa4g\x14\xa5!\xc5eM\xd3=\x81\xa7\xfe\
k\xd4vQ\xefx\x85\x19\x96\xc89\xf4\xfb}\x94\xa5\
\xaf:\xc68A\xa8A\x84\x06\xea|\xda\xea\xa5\xf6+\
'?L\xfd\x09\x0d\xc8\x88\xdf\xd5\x80\x971I\xbd\xc6\
6\x8b\xef\x85\xc0\x93\xaav\x13\xa6\xdf\x01y\x16\xd2\xb1\
ONb\xa1\xd5\xc6\xf0\x9b\xde\x8c}\xdf\xf4fd\x8d\
\x06\xca\xc5\xc5\xeb\xe4\xf0[\xae(K^N\x12S\xd2\
\xe0\xc2\xc3F\xfa*\xa7\x8aO[|d\x06\xb8:\xc6\
\x88\xc9Jx\x15\xcf\xb0\xb6\x12\xbf\x13U~[t\xae\
/\xe3\xad\xd6\x09(>?\xfb\x9a\xe2\x02!\xae\xc8\x88\
\x9e\x11\xdav \x94K\x96\x1d\xc8\x00&\x02\x84\xa4\xf3\
;\xe0\x9a\xa4\x18\xa0\x12l\x0fA$\xdbQ\x13\x8a\x99\
\xba\x10\xaf\xa5\x80Q\x02\x82gw\x95\x9c\xf1\xba\x14\x09\
\x13\x1e_\xb3\x06/z\xf9\xf1!\xdf^V=\xb1\xc6\
z\xb9\xad\xc3[\xe8'yzIiK\xf1D8\xc1\
\xf6\xfa\x81p\xe2O57:k\x9bL\xc0\xa0K\xf5\
\x87\xd3\x7f\x84\xbf\xcbZs\xfa\xab\xa6\x810\x1d\xb6\xe3\
0KV\xaaJ+S\x88\xf4\xe0\xcc\x8b\x96\x11\xb8X\
\xbfs!}\x98s\xf0\xd3\xb3\xe8Q\x06z\xc8\xc3\xb0\
\xd7g>\x87=\x1f\xf78\xf0\xdc\x5c\x080\xda\xc9\xc4\
o\x87%c\x93\xef\x12\x08DH\xb8X\x99;\xaaE\
g\x90}/P\x99\xd6%\xe3\x8d\xef\xc9=E\x8fJ\
\xbb\xb6S\x1c\xbfV\x85\xa0|WG\xecj\xe8\xcd\x22\
\x95\xc5\xcf\xd0P\x0c\xf6\x0d\xc4\x16\x05R\x00\xbbDk\
\xb1$\xc7\xa7\xa4\x81\x84\xe7w\x9c\xe0\x040TI\xb8\
g\x91?1\x1e\x9d\x00W\xe5\x98z`\x81\x8e\xe0\x86\
\xd5\x02\xb2,\xc3\xd4\xe4$\x1e\xf6\xc8G\xe1\xdeG\xde\
\x0f\xd33\xd3\xc8\x1bYdN\xa6\x18\xc2^\xb2dJ\
\xd5?9\x91fEC\x89\x95\x96e\x11<\xcb\xf5%\
U\x00\x053F\x014\x0dsea\xac\xf6\xcf\xc88\
2\xfd\xd5nV\xb0~+\x85h\x09\x03\x8f\x98\x121\
\x97\xc22\xa3\xcb\xe0z=\xf8-\x9b\xd1s\x84\xc6\x83\
\x1e\x88u\x1f\xfb\x18\x0ex\xcf{0|\x93\x1b\xa3\xd8\
2Y9zn\xa7\x173\xb8D\xb0\x9c\x06\xae\x82\xc5\
\xf8\xe7-\x13\xab\xebQ\x86\x91\xdb:+\xfa\xad\x9dW\
C\xfc\x95\x8a\x94\xb9r<iO\x08\xd6\xbe\xb4\xfaR\
O2c\x99\x1f\xa0\x8a8\xc9\x98\x09@\x8ex\x92\x18\
\x13\xc1\xc5\xf1\xd6\xf1:\xa9\xfe\xab'<B8\x15\x08\
D\xd5\xe3\xb9#\x16\xca2\x07!H\x19\x0d\x90!\x84\
\xfeD\xbeA\xce\xc1e9\x5c\xe6v\x14>\xd7\xa98\
\x0aa\xc2\xaf|\xcd\xebp\xea_\xfe\x84\xa2_\x22k\
\x84\x0d6!\xd2B0!Je\x06\xe0(\xac\xaf\xc7\
q\x89\x85\xe0\x22\xeb\x95\xf1l\xafp\x9c\xac\xb2(\x00\
\x02\xb2x>\xa3 \xa5#\xc0yB\xc3e \x97E\
\xb5/\xc6LH_\x96\xa9/1\x8a\xa0\xc6:\xd0\xf2\
\xe7\xfcq\xdc#\x8fD,r\xa8\xa8}\xd8\x95\x1c\x92\
\x82t{\xf0E\x892\xcb\x90\xdd\xf8&h\xde\xe9\xce\
\x18}\xc8Q\x18\xbe\xd5a@Q\xc0ON\x02\xe4v\
\xae\xbd\xbfL\x11SM\x09\xac\x22!\x01 \xa9\xec\x86\
\xa4\xd3\xfb\xe4\xd4\xb6\xd7\x22\xaaj\x9d\xb9@b\xe7\x0c\
R#\xd0[\x0ay\xb7\xf5\xa7$,Z\xafNV\xe8\
\xa3l3^q16\xba\xb6\xc4)\xdb\x1f!\xf9\x15\
}\x04\x89\xe6\x030v:Y\xd8\xd8qk\x8a\xecU\
\x14\x22\xc2\xfc\xc2\x02&\xb7L\xa2\x01B\xbf\x94\xa4\x95\
\xc1\x96\x92\xc0\x1eY\xfeH)\xa3\xe5\xdf0\x9c,\xcb\
0=3\x8d\xd9\x99Y\xd4'\xea\x86(\xe4\x1c\x16\x17\
\x16p\xd3\x83\x0f\xc1\xf3_\xf8b\xbc\xfe\xd5\xaf\xc0P\
\xa7\xa3[5\x09P\x9b\x9aer\xc1\x95\xdc\xfcvi\
\xd5\xc5\x88\xc3\xd9\x99\x99\x15iX\xe4\x1c\xfa\xbd>&\
7mF\x96EM\x88C\x12\x0b\x02c\xca36g\
y<a\xabD\x09R\x04\x0eOWI^\x8a5(\
<%\x88s\xc2\xc3\x88\x0b2?\xf2t@6\xcf\x00\
\xc7\x9d\x9e44\x04\x1a\x9f@c\xbf\xfd0p\xf3\x9b\
\xa3y\xd8a\x18\xbc\xed\xed1\xb0\xe7\x1e\xe0\xc5E\xf8\
\xa9\xa9\xc0\x0c\xafg\xc2\xd7\xf1\xf8\x12\x8b\x0b\x8b\xe8\x0e\
\x0c\xc4=\x11[\x91\xae*\x8cb2Te\x162\xd4\
\xadKf\x8e\x8c\x93k\xf4\x1d\xf0!1\x03\xcd8\xa4\
\x97\xea\xdaE\xa2u\x22\x87^\xb7\x8b~\xaf\xbfc\x22\
W\xf8@\x9cx\xe6\x98\x08\xaa2\xf9\x0408g8\
{)!\x84>\x1ekbJ\x9e\xeb\x95v\x85\x08\xdd\
n\x0fw\xb8\xc3\x1d\xf1\xe4c\x9e\x8e\xce\xc0\x80\xa6S\
JYs\x10\x19\xb4Y\x97U&\x90\x88\x8b\x5c\x86\xc5\
\xee\x22nq\x8b[\x86\xf4W\xd7\x97\xda\xb8\x8d\x22;\
\x06\x9f\xf8\xd4\xa7arr\x0b\xae\xbc\xe2\x0a\xe4\x8df\
\x5c\x9a\xa4\xa4\xcd\x10\x96%\xb7J\xd4\xa3\x0b\x93|\xe8\
\xa17\x0f\x91}\xdb\x18\x0f\x11\xa1\x8c'\xfe>\xf6\x89\
O\x82s\xc6F\x8b\x8c\xa5O\x84\xbd\xc8a\xba\x91\x83\
\xd9\xc3Q\x86\xa6\xcc\xa1\xaf\xef\xbf3\xd8\xe6\xc3\xca\x0a\
9Y\x96\x22\x10{%x\x19\x10\xc9;\xc4`rp\
y\x06d98\xcb\x91\xef\xb9\x07h\x8f=\xd1\xdag\
\x1f4\xf7\xde\x1b\xf9\xc4\x04\xb2v\x1b\xc4\x0c\xbf\xb0\x80\
b\xf3\xe60\xbex\xb2\xd0\x0dQ\xbc\xf7\xe8\x0c\x0e\xe2\
\x80\x1b\xdf\x18\x83\x03m\x94\xf1\x5c\xc3j\xd8\xad\xa5\xf1\
\xc4\xa6\xeb\x9an8L\x16\xa8L\xb0|\xea\x1b\xaa[\
W\x8e \xabn\x1a\x96g\x82\xe0s\x91\xe1p\xd4\x90\
\x85\xc1\x92sX\x98\x9b\xc7\xd8\xc4\xf8\xaa\x96\x02\x93\x08\
\xd7A\xa95`j\x91\x03\xaa\xc2\xf3\xa7\xdc\xfc\xb0K\
\x86Z\xd9~=\xcf1\x92;\x99\xaf\xba/\x88)\xa4\
f\x9a\x9aF\xe3IO\xc2\x1e\xc7\xbf\x02~ffE\
;\xb4\x98\x19\x03\x03\x03h\xb5Z\xab\x1a\xcc\xb2\x85\x08\
E\xbf\x8f\xf9\xf9\xf9\xff\x0a\x03\xb0ehx\xd8H\xd5\
\xa5\xa5\xae\xf0-[\x22a\xcf\xcd\xcdm\x7f<\xccp\
Y\x86\xc1\xc1\xc1\xe5\xab\x02P\x00X\x90I7\xb0^\
\xd2C5\xe7\xb6\xde\xff%\xcf\x1a\xb5\xb6\xe2H4\xed\
sQ\xe8\x1f\xcaR3\x05]o6\xfev\x0as8\
\xe1\xc8.\xcb\x05~\x98\x04\x8d\xaa\xf8uP(\x81\x8b\
\xc9$B\xcb\xc8E\xc0\x10\x1b\x94\xb9T|\x07\x11n\
l\x7f\xc7\xf7\xf4\x1e\xa7\xeb*$\xe2|\x87\xbc\x14\xdb\
)e\x097:\x8aK\xde\xf0:\xd0\xf7\xbe\x87|l\
L\x0ff\xa9jm\x00\x82\xa0\xf5M\xe7\xdc\xe6\xf9\xf9\
\x0br1\xba\xc5\x9a!q\x05R\xfc\xa5\xc8\xb2c\x85\
\x88\xb0\xb0\xb0\x80\xf9\xf9\xf9\x1d\xae\xa3^\xdf\xb2\x99m\
n\xe0259\xb9S\xeaY\xf1x\x88\xe0\xcb\x12\x93\
\xdbh\x97P\xcdeX\xbd\xb3\xf3K5\xbd\x18\xaa+\
\x0d7\xa0\xb4\xdfZ!\xa2\xed\x13\xd0V\x98\x93\xd5\xe0\
VZV\xfa|\xb2\xa2\xb6nZ\xc8}\xbf\x8a\xd0w\
\xaa\x89$\xf5M%\x15\x9f\x93\xf5\x1f\x9e\xcfC$\xa0\
\x90}\xa4\xf6\x98E\xa0\x8aH\xdb\xe8\xe8v\xca\xae@\
\xb0;\xbbd7\x90\x1d[)\xd1\x91\xba\xab\x95\xff6\
\xa1o\xab\x94\xd75\x1f\xc2\x7f\xb9\xacF\xd35F\x86\
\xfa\xf0\xf4\x1a\x89)\x12\x8c<\xa2\xb0.\x973ih\
-G\xc7@|t\x19\xafF\xf5\xcb\xee\xb2\xbb\xec\xf2\
\xe5\xbfm*\xde\x90%\xac\xfap\xf2\xdf\x01H\x8e\x00\
\xfd\x87%\x9e\xc9\x83\xe02\x90G\xf0\xed\xc4E\xa3\x18\
Q\xac\xdb\xa48\xf1\x07\xc6\x8a7\xaf\xec.\xbb\xcb\xee\
r\xc3\x16Y\xdb\x87\xf2\x00\x86\x93\x08.F\xba\xc7Q\
\xc0\x13;\xe7\x08\xac;\x90\x22\xb3p\x92\xbd\x8d\xc5\xae\
\xe0\xb8d\x87\xdd\x0a\xc0\xee\xb2\xbb\xec\xa2\x85j\x9f\xa1\
\x04C>\xd0pp\xf4\x9b{\xec|\x8a\xfbCt\xfb\
\xd5\x17Aj\x9f\xbb\xcb\xee\xb2\xbb\xec\x8a%-\xfa\xa1\
\xe2`\xac,E\x8b\x10\x8f\xab\xa1y)\xcb\xa2q\xf1\
\xcf\xab\xa3\xc0\xac\x16\xc9\xcb,\xff\xec.\xbb\xcb\xee\xb2\
\xcb\x15\xdd\x05X]\xb5\x8d%\x86r\x10\x00\xa6\xe0\x08\
 \xce+\x14\x8fD\xf8\xba4\xaa\x81 \xe1\xean\xfa\
\xdf]\xfe_.\xba\xb4\xb9\x1dD\xdff\x1a\xbb\xffR\
I\xc1[10\x89j\xf4jc\x98\xa2i\x90\x13\xb1\
f\x96\xd4X\xfc\x10\x03\x10\x1c\x82q/?\xe2Q\xcb\
\xb4#\xa6@\xdc\xe3lb&\xfe\xebE\x22\xb2\xd2\x85\
]g\x22\xb7Vv\xb5\xf3\xe9w%\xe4\xdf\xd1b\xf7\
\xe0;\xe7\x90eY\xf8\xcb\xf3eC\xdf\x99\x01f\x8f\
\xa2(\xc2A\xa1e\xa9K\x8d\x12\xdd\xf7\xdf\xc2\xa5\xe0\
\xa3\x8b\xb9\x1e\x93DOk\xfb\xac!\xcb!\x88\x9c\x88\
\xf3\xea\x0e\x22Fu\xc4\x94*6\xbfWU\x98\xe1\x9a\
MP\xa3\xb1\x22\x04\xb6\xe7\xa8i\x0c\x03\xd9\x0b\xe9\xda\
r\x81\x17\xf6Z=X+u\x89C\x08\xacl\xb6`\
\x8e\x19p\xe4\xf8\xb2ZP\xcb.R\xf2<_\x12S\
\xb1\xda`\x95\xebR\x02&%\x09Y\x96\xa5\x06\xaaH\
\x04\xdb\xf5\x9d\xb5yg\x14\xc9\x15HDh6\x9bh\
\xb6Z\xc8\xf3\x1c\xdd\xc5ELMManv\x16\x9b\
7o\x8a\xf9\x17\x12\x81\x87\x83R2\xb4Z\x03\x18\x9f\
\x98\xc0\xc0\xc0\x00\x06\x07\x07122\x02\xcf\x8c~\xaf\
\x87^\xaf\xa7\xa1\xdd74,t\xbf\x01\x00\xaa\x1c\xbd\
\x1e\x03{\xc4\x00\xd0\x98\x1eF\x0e\x0f\x17c\x80$\x84\
\x1d\x94\xdeL\x95GBY\x15\xba1\x83\xf2\x1c\xf3\x97\
]\x86\xee\x15W \x8f'\xed\xc0\xc4>\xab\x8e\xc2\xa9\
\xc5\xa5\xadD\xe2\x97\xa8(\xcb\x08*_b\xcf\xcb\x12\
\xa0x\xb0%Q<@#\xdc'0(o \x1b\x1a\
D6<\x0c4\x02s\xca\x87\x87\xe1\xdamP\x8c`\
\xe3~?\xfc\x15E@\xee\xebs\xdb\xea\x0a\x0a\x11a\
jr\x12\x8b\x8b\x8bq\xdfD<z\xab\xde\xa7\xca>\
\x8a\xad\xb1@T\xef\x99=\x0a\x01\xd6N\xbfW\xe7\x22\
\x04\x22\x91sh\xe49\x86\x86\x87\xc3i\xb9\xce!\xcb\
s\x94E\x81n\xb7\x8b^\xaf\xa7\x12uWb\x06!\
A(\xa3\xd5j\xa1\xdd\xe9\xa0\xe8\xf7q\xd5\x95W\xe2\
\xbcs\xcf\xc5\xa9\x7f\xfe\x13\xce;\xf7\x1c\x9c}\xe6\x19\
\x98\x9b\x9b\xc3\xdc\xdc,$3O \x0c\x11\x94\x84,\
s\x18hw\xd0l6q\xc0\x01\x07\xe0\xe0\x9b\xdd\x1c\
\xb7\xb9\xedmq\xb3\x9b\xdf\x1c\xfb\xee\xb7?\xc6\xc6\xc6\
P\x96%\x16\x16\x16P\x14\xc5\x0d\x06\x07\xe6$\xd0\xc2\
\x1f\x81B\xe4\x9f<\x12\x82\x03\xd9\x8b6\xe0r&v\
\x90%?\x95\xaa\xd5\x10O\xf1\x0cP\x05\xa9V\xd0!\
\xef\x91u:\xd8\xf2\x93\x9f`\xea\x83\x1f\xc0\xc0\xc4X\
 \xe2\x92\xe5\x0c\xeb\xd8\xf1h\xbd\x08\x91+s\xb0\xf8\
\xed\x00\x94\xf13\xa9\xc3N\xa2\x17\x22\xe2ST\xd1T\
\x93 \x02|\x09\xd9\xacADa\xafz\xab\x09\xb4\x06\
\xc0Y\x06\xd7l\xc2\xad[\x0f\x1e\x19A\xeb\xc0\x1b#\
?\xe8\xa6\x18\xb8\xf1M\xd0\xdcsO4\xc6\xc7\x919\
\x17v\xb3\xf5z\x01>7pdcY\x96\x18\x1d\x1d\
\xc3;\xde\xf6V|\xfb\x1b'bdx\x18EY\x86\
\xf18\x97L,a\x0c\xe6\x98\xebP\xb8\xb2\xd3\xad\x12\
\xde\xadQ\xa2\x88\x8bE1i)\x85l_R\xa7\xb8\
\x93\x83\x06B\x18h5\xb1~\xfd\x9e\xe8\x0c\x0eb\xed\
\xbau8\xe4f\x87\xe2\xa6\x07\x1d\x84Cnv(\xf6\
\xdck/4\x9aM,.,\xa0\xdb\xed\x02\xf8\xefF\
\x83\x8a\xc4\xeft:h6[\xb8\xf4\x92\x0d8\xe5w\
\xbf\xc3/\x7f\xf13\x9cq\xdai\xd8\xb4q#\xba\xdd\
\x05dy\x03\xadf\x13\xce9\x0c\xb4Z\xe1e\xa3\xfd\
\x86mu\x01\x1e\xbd\xc5\x05,.\xcc\xe3\x1f\x7f\xbf\x06\
\x7f\xf9\xf3\x1f\xf1\xd5\xff\xcb042\x8c}\xf6\xdd\x0f\
w\xb8\xe3]p\xe4\x03\x1e\x80[\x1dvk\x8cOL\
`~n\x0e\xbd^\xef\xfa\x8f\xe24k\xfc2\xc7\xcb\
\x98\xdd$\x14N\x04\xca\xebB\x82*\xaf\xd9%\x04W\
}p\xa5}bF3\xcf\xd1i\xb7\xd1h6\x83t\
\xce4\xe8\xb0\xa2\xda\xa7\xcc\xab\xa8\xc40\xa7-\xd2\xcd\
\xa8\xa2\xa7\xf7t\x80f\xad#}M\xecL&O\x99\
\x9b\xf7\xc0\xeclx\xc63\xf8\xf2\xcb\x01_b\xe1W\
\xbf\x04\x5c\x86\xe9\xe1!`\x8f=\xd08\xe4fh\xdf\
\xe9N\x18\xbc\xfd\x1d0\xb0\xef\xbe\xc8\x88P\xce\xcd\x85\
\xc3/o\xc0\xb0\x5c\x22\xa0\xd7\xebanf\x06\xcd,\
\x0bj\xa9\xf0I\xd2\x95\x9dd1\xe9\xb5\xb4\xf3R\xdd\
D\x06V\xea\x18Rp\x91\xd6\xa90\xe6\xa8\x0b\x10\xf4\
8\xf0\x99I\x8f+/\xbf\x5c\xa5j\xe9K\xb4\x07\xda\
X\xb3v\x1dnr\xf0\xc18\xf2~\xf7\xc7\x11\xf7\xbc\
\x17\xf6?\xe0@x_bnn\xee\xbf\xa2\x11\x94e\
\x89<\xcf122\x823\xcf8\x03'~\xf5\xcb\xf8\
\xc9I?\xc4\xb5\xd7\x5c\x0dr\x0e\xed\x81\x01\xb4;\x03\
\x18\x1c\xea\x80}\xca\xdf\xa80\xf3Q\xb0\x90\x0f\x07\xd9\
Ff\x98\xe592\x00\xcdfS\x93\xbb\x94e\x89\x8b\
\xce?\x0fg\x9dq:\xbe\xf1\xd5/c\xff\x03\x0f\xc4\
C\x1e\xf6\x08<\xf6\xe8\xc7c\xaf\xbd\xf7\xc6\xf4\xf44\
|Y\xc2]\x9fx\xa3&}dX5zM8B\
\xf0\x0c\xce\x89P\xea#\xc25\x14\xb1D=D\x1cx\
\xbd\xba\x95\x15\xe6\x90a6d\xa3\x8d\x87I\xb0\xdd+\
\x1f\xba\xa6i\x12k6\x00\xd7\xbe\xa5$a\x8a\xd2\xea\
\xde$\x10$u\xa8]\x0aQ|\xb7,Q\xa4\x92\x03\
\xa8\xd1\x00\x08\xc8\xa5\xbe\xa2\x0f\xbax\x03\xcas\xce\xc5\
\xcc\x8f~\x88\xa9u\xeb\xe0nuk\x8c<\xeca\x18\
\xbf\xfb\x11\xc8\x1b\x0d\xf8\xf9y\xf8\xa2\xb8\x81\x18\x01\x01\
\xec\x91e\x0eY\x9eTt\x1d7-u\xcf\xca\xf8\xab\
\xb9\x98\xe2o\x81C\x1c\xae}\xc6\xceq\xdd\x1cc\xc9\
\x03\x92g\x18h5\x03\xa2E\x15\xd9{\x8f\xa9\xc9-\
\xf8\xc3o\x7f\x8d?\xfc\xe6\xd7\x18_\xbb\x06w\xba\xcb\
]\xf1\xacg?\x17\xb7\xbd\xe3\x1d\xd1]\xecbqq\
\xe1\x06\xd9\xcf gP\x8c\x8e\x8ebzz\x1ao{\
\xd3\x1bq\xe2W\xbe\x84\x99\x99)\x0c\x0e\x0eall\
\x14\x92\xa8\xd5\x97\x1e\xbe\xf4\x95\xf5\xf24z\x00\xc4F\
k\xe2\xf0\xdb'\xa8\x14Fx\xb6Z\x03h\xb7\xdb\xf0\
\x9eq\xe9E\x17\xe2\xfd\xef:\x01'~\xe5\xff\xf0\xf8\
'>\x19O\x7f\xf6s\xd0\xeet0;3\x8d,\xcb\
w\xfe\x98e\xa5\x0e\x00d\x8b:\x12\xd5\x88T\x90P\
\xff\x90\x04\xc6\x00L\x0eyT2g\x91\xd4\xe9\xdaj\
2\x02$\x1c3\x09\x0e\xd5~7\x9eJ\xc0nFR\
e\xc3\x9a\xa5\xe93\xed\xbb\x0e\x7fK\xa7L2\xbaU\
\xf79\x9a\x7f,\x17\xe08N\x0e\xa6\x09\xfb\x98\x1a\x9b\
\x08\xbe\xd9\x82\x1b\x1bA>4\x8c\xe6\xdc\x1c\xe8\x97?\
\xc7\xd4\xf1/\xc7%\xcf|\x06\xae\xfa\xe67P2#\
\x1f\x19I6\xd7\xf5ZbV\xe14\x9apU\xb7\xba\
\xc69T\x09\x06\x85\x9bO\x0f\xe8\x90!\xfe\x17\x9f\xae\
\xa7\x96\xc2<k\xa6[\xa4,\xb8b\x06z\x0e6\xb5\
/K\x94E\x89~Q\xc0\xb3G\x9ee\x18\x19\x19\xc5\
\xe8\xf8\x18\xba\x8b]\xfc\xe4\xa4\x1f\xe2\xc9\x8f\x7f\x0c^\
\xfa\xc2\x17\xe0\xf2K/\xc1\xd8\xd8\x98\xaa\xe4\xd7W\xf1\
\xde\xc39\x87\xe1\x91Q\xfc\xe8\x07\xdf\xc7c\x1fv\x14\
>\xf3\xf1\x8f\xc2\x1101>\x81<\xcbP\x16%\xca\
\xd2+\xde[\x01$ \xae\xa0\x961\x05l\xbe7\xcb\
\x17\xc2\x11\xe2\x1eE<\xb4\xa55\x10\x9c\x85\x93\x9b7\
\xe1}\xef<\x01\x8f\x7f\xe4\xc3p\xea\x9f\xfe\x84\xf1\x89\
5I\xcb\xb8\xdeJ\xd5`Os*\x83\x09\xb3\xeb\xc0\
\xd1_(K\x07\xba\xa79\x12\x91\x0eX)n\x07\xba\
\x22=\x89L\xc4\xe4\xd0W\xbe`\x19B\xec\xb9>\xa7\
\x97\x8dwB\xf2kih\x93*\xbfV\xf1W\x10\xc8\
DY\x983[\xa0\x18H!\xd6\xeb\x19\x5c\x04$g\
rp##h6\x1ap\xff\xfe\x17\xe6\xde\xf2fl\
x\xda\xd3p\xed\xc9'\x83\xdam81o\xae\xc7\xe2\
\x9cdP\xb2W\xd3\x9c\xe8I\xc5D\x15\xedG\xec{\
\xe3\xca\xd2\xf7\xe4\x1da\x9c\xf5\xfbb3h>\xc6\x08\
o\x12s\xc1\xb6\x19\xdf\xf6\xa5GY\x94pD\x18\x1f\
\x1bC\xee\x08?\xf8\xce7\xf0\x98\x87\x1d\x85O|\xe4\
\xc3\x18\x18\x18\xc0\xc0\xc0\xc0\xf5\xb2S\xcf\xfb\x12\xcdf\
\x13\x00\xf0\x9a\x97\xbf\x14/<\xf6Y\xd8p\xd1\x05\x98\
X\xbb&(vE\xa1\xa6\x8d\x98\x90A@1@\xe9\
\xb8ub36\xf3\x9f^\xe3\xa5\xe3N\x07\xbe\x06\xf8\
\xb1g\x14E\x89F\xa3\x89\x895kq\xf6\x99g\xe0\
)\x8f\x7f,>\xf2\x81\xf7\xa3\xd3\xe9 \xcb\xb2\x9d\xcb\
\x08\x85\xc6d\xae*L\x80\x00\xc9\xc8\x0b\xd1\xa2\x09N\
\xceG\xabTS\xa7uJ\x92\x7f\x87\xe2\x00\x96,\xa7\
%\xcc\xd4\xda\xf4\xc8\xe6\xf8D\xe2\x1a\xd5qA\x18\x81\
\xd5\xed\xeb\x01J)\xe7z\xa5\x0d}\xc1\x10\xbd\xf0<\
e\xe5\xd5\xe7\xa4\x0e0\x87C6\xd8\x03\x9d6\xf2\xe1\
\x11\xe4\xe7\x9f\x87\xc9W\x1d\x8f\x0d/y1\xe6\xaf\xba\
\x0a\xf9\xe8h`\x02\xd7\x13gw\x92\x0bP\xe7\xc7d\
\xafMB)\x95\x9a\xd6E\xe6a\x99\x12\x0b\x87J\x06\
&\xf3'\xf5\x10\xcc4\xd6\x1a\x13V\xab|!^/\
\xca\x02\x0c`td\x0c\xfd~\x17\xef}\xc7\xdbp\xcc\
\x13\x8f\xc6%\x1b6`dd$\xe49\xdcI\xa5,\
K\xb4Z\x03\x98\x99\x99\xc13\x9f\xf2$|\xedK_\
\xc4\xd8\xf8\x18\x06\xda\xc1\xe3\xaf\xf9\xfa(\x09\x92`\xe6\
\x1a\xe6(\x9d\xaf\xca\x9e\xca\x0f\x0b\xef\x84\x9b\xaaw.\
y\xdesHL\xd2\x19\x1a\xc4\xe0`\x1b\xef9\xe1-\
x\xfe\xb1\xcf\x82\xf7\x1e\x8dFc\xa72\x81\x80\xc6A\
\xab\xa1\xda|\x86!\xda\xfe\xc5\x15\x00E$\x82f<\
\xb6c\xa8\xcb\xfd\xd5\xa2w\xa8\x9b,\xdd\xeb\x17\xfd\xae\
\xd8#}3\xf8\xabl\x8c\xf4}[\x87\x8e\xadz)\
|c\xaa\xa8r\x89?+\xafW\x1a\x07\xa0'\xfc\xa6\
\x8a\xaar\x11@\x5c\xc9(A\xed\x16\x9aCC\xa0\xdf\
\xfe\x06W<\xe3\x19\xd8\xf4\x8b_ \x1b\x1b\x0bc\xbd\
\x1eT\xdc2\x9es\x07 \xa9\xf9\xdaOk\xba\xd5\xdf\
4*>\xa7\xdfK\xcd9R\xeb\xc8\xb0\xbf\xed\xcf}\
\xd5\x82\xa8iU\x01\xceE\x19\x96\xc3\xc6\xc7\xc7p\xea\
\x1f\xff\x80'<\xfa\x11\xf8\xd3\x1f\xfe\x80\xb1\xf1\x89 \
\x95\xafc\xf1\xde\xa3\xd5jaa~\x1e\xcf}\xe6\xd3\
\xf1\xa7?\x9c\x825\xeb\xd6\xa1(\xcb\xe0\xb0U\xa4\xb1\
g\x05\x90(8i\x1c\x06\xcf\xec\x98\xb7\xc6\xd3\xedr\
{\x00\xed\x126\xac\xb5\x95\xf1|\xcc\xb5\xeb\xd6\xe1\xc7\
?\xf8\x1e^\xf4\xbc\xe7BN}\xde\x19L@\x03\x97\
\xd2`+\x0c\xbbJ\xcb!\xf9\x8f#\x0eL@\xf1\x82\
\xa2un\x94\x85\xea@\x96\x0ep\x05=C\xc8\xc7&\
\x1c\x80\x13\xf1\xd7\xab\xe3\xdag\xe5\x19^\xa6OK\xaf\
U\xbe\xe9@j\x15\x13\xa7\xfe(tl\xdaN\x98\xf3\
\x91\xd9v!\xbd\xef\xc31Znh\x08\xcd\xcd\x9b\xb0\
\xf9\x15/\xc3eo?\x01\x9e(\x98\x04;\x9d\x09T\
-9\x997=\xa9'b0\x9b\xc75\x1e\x80\x8c\xc5\
\x04y\xdcBn\x99\xf7\xa9r\xa7\xe6P]*\xe9\xd2\
\xe5:\x13\x8d}e\xa0\xdb\xebapd\x04\xb3\xb3\xd3\
x\xf61O\xc2/\x7f\xfeSLLL\x5c's\x80\
\x99c\xc6i\xc6K_\xf8|\xfc\xed\xcf\x7f\xc4\x9a\xb5\
\x13\xe8\xf7z\x10x\xb1A\x03\xc5;f\x85\x8f\x82\x83\
\x00\x86O\xbe\x153\xd4\xa4N\xd7\xdeA\xc4CN\xb5\
\xe9\xbcX\x90D \xf6z=\xac[\xbf\x0e\xbf\xf8\xe9\
\x8f\xf0\xe2\xe7?\x170\xfd\xbf.\xc5J|\xa0\x96\xce\
\x7f\x09\xaf\x0f\xbdrrt\x98]u\xab\xb0\x8b%J\
\xff\x0etRl.e*\xa4ZuE\x07\xdd\xda\xeb\
K\xaeP\xe5^ub\x96\xbe\x9c8\xb3Qr+\xc8\
l9\xbc\xa9[;iX\x1f\xd9\x97\x10\xc6U\x96@\
\xab\x89fk\x00\xfd/\xfd\x1f.~\xe9\x8b\xd1\x9d\x99\
F60\xb0S\xfd\x02\x82\xc4j\x91*\xdf\xb2:\xab\
\xd1W(i:K\x06\x0c@\x9c\xbe\xf5\x93\x9b\xf4\xc1\
\xcaz!\xaah\xa10\xac\xc1\xdcf\x0b\xaf\x88\xd7\xf0\
\xe9\xc8\xc1\x17\x05Z\xad\x01d\xe4\xf0\xc2\xe7<\x0b\xbf\
\xf8\xf9\xcf022\xba\xc3L\xc0{\x8f\xc1\xa1!\xbc\
\xfd-o\xc2\xcf~\xf2c\xac]\xbf\x0e\xfd^\x91\xe0\
\xa2\xde\xef\x9a6'\xb6\xbc\x81R`\x12\x06\xb6`5\
\x97\xaa\xd015\x09\x85\x938\xbb\xabz\xa6\xc0AB\
t\x89\x08\xfd^\x1f\xeb\xd7\xad\xc7\xc9'}\x1f'\xbc\
\xe5\xcd\xe8t\x06\xaf\xb3\x16P\x11|\xf5\xb9\xb1(@\
\x89\xb7;\x22*\x01\x92\xc0\xa1Je\x81\xc3\x85\x81\xe9\
w\x03\x84\x15wL8#I\xa6\x01\xe9TU)I\
u+\x0f\xab\xa8\xa0\x15~Q+\xf5\x1a\x96\xdc\xd3\xa6\
\x84\x11P\x15  3f\xa4\xd4(\xea\x145\xfcQ\
_J*${\x0f\xcf\x8c|b\x1ct\xca)\xb8\xec\
E/Bwr\x12Y\xa7\xb3S\x98\x80\xf0\x9a\x90\xeb\
\xde \x9a\xcc\x89\x13\xa6@\xe1;U\xff\x9c8\xb8\x04\
\xb1\x1d@r\xcd\x1cu\xa6\xcfT\xdeO\xbf+\xf0t\
\x00*\xcf \x1c\x1cj\x1c\x8e\x15\xe2Q_\x04\x85 \
\xb1<\x83\x03\xf0\x92\xe7\x1d\x8b3O\xff\x0f\x06\x07W\
O\x04eYbbb\x02'}\xff{\xf8\xea\x17?\
\x8f=\xf7\xdc\x13E\xbf\x9f\xfa\x10\xdbwB\x9cu\xf5\
8\xde\xb3\x0e(\x81\xad}V\xeb\x92\xef\xe6\x93\x1c-\
S\xaf\x81=\xf4\xc5\x0a\xd3\xee\xf5\xfb\xd8c\x8f=\xf1\
\xe5/~\x0e\xdf\xfd\xf671>~]5!K7\
\x94p\x9c\x8c30t\x8e\xe5\xbe\x03\xe4\xa0\xeeX\x07\
\x84\x11T\x09\xc9\xda\xf0\xab.\x0a\x1cND'\x9d6\
L\x1aDK\x98P\xd2@\xd2DT\x15\x07\x07dY\
\xfc\xcb\xf5;\xbbL\x19\x8e\xbe\xc3\x09 \xc1\xf7S\x1b\
\xa3U\x07\xacz,4/\xf7 \x12\xa5\x9a\xed\x95\xc0\
\xf0\xfd\x02\xd9\xf88\xb23N\xc7e/|\x01\x167\
n\x0c\x9a\xc0N\xb2\xf1,(\x96\xb0\xcde8s\xcd\
\xf0\x91\x8a\xc0\x9c\xd2\xb0s\x0c\x922\x0f@N\x98M\
lAL\x89HX\x9c\xbc(\xb0\xcf\x19\xfeX\xe9\xa1\
zZe\xfe\x08\xde3\x9a\xad\x16\x8a~\x17\xaf{\xe5\
\xcb\xb1\xb8\xb8\x18b\x04V\x88g\x92q\xfa\x82\xf3\xcf\
\xc7{\xdfqBd \xa5J|\xeb\xcf\xabh\xd7\xd2\
\xcd\xbaR\xa44\xac~}3\x06\x99w\xc3X\xf4%\
#[`\xde\x8f\x81.\xb6~\xaa\xd5\xeaK\x8f\xe1\xe1\
a|\xe0\xdd\xef\xc4\xc5\x1b.\xban\xd9\xb3)\x09*\
k\xfbs\x98\xe0\x90\xf3K\xdc\xdd\x11\x00\x8e\x98#?\
\xd0\x8e\x99\x05`\x99M\xb3f\xb9\x1c\x96m\xaf_\xae\
\x22_c\x9d2\x09\x11\x1dX\xda\x81>#\xbc\x0a\x0c\
m\x9f\xe2\x09\xc1,'\xe0\xf4{(gfP\xce\xcc\
\xa0\x98\x9eB9=\x85rv\x16~~.\x04\xf3x\
\x1f\x86\x91G&ATY'\x97\xf1\xaby \xed\x84\
Fa\xc3\x13*\xfaH\xe4\x94\xd2?An\x02\xc0\xfd\
>\xdc\xf00\xb2\xd3\xff\x83+_\xf5J\x14\xddn\x88\
\xfe\xba.6\x1e\x87\x80\x15\x81E\x82f\xfc\xa6c\xe2\
\xf4\x07\x81)\x87%M\x19\x8a\xfa\x0b\xaa\xf5k\x9d\xd6\
\x9f\xc0\xb6\xeetO\xecj\xb1\xa3\xd3\x89\xb4H\xd7\xed\
5e\x96\x89%13\x8a\xa2@\xa73\x84\xd3\xfe\xf5\
O|\xf0=\xef\xc6\xe0\xd0\x10J\xbf2)(\x8e\xbf\
\xf7\xbd\xeb\x1d\xb8\xf8\xa2\x0b\xd1l\xb5\xc2\xda\xbe\xe9{\
h\xdb\xceY\xbcg\x05\x1cs\xc8\xe5\x9f\x00d4\xe8\
j\x7f\xd3\xa9\xcf\x09\xf6\xd2\x8e\xa6\x1b\x87m[\xda\x13\
\xf8\x19\xc1\x02\xa0\xf4%\x9a\xcd\x16.\xb9x\x03>\xfe\
\x91\x0f\xa1\xb3\x03Z\x90\x19H\x85]\xc7\xa1\xc97b\
f\x9d\xda@\x7fDN\x96\xe2#HD\xccG\xb6\x96\
\x10\xc9r\xb4\xd5\x17\xaa8\x9d\xa8\xde;\xb6OV\x07\
\x94>c_\x22\x17\xf533X,=\xfa{\xee\x05\
w\x8f{\x22{\xc0\x03\xd1x\xe0Q\xc8\xee\xff@\xb8\
{\xdf\x07\xd9\xe1wE\x7f\xaf\xbd0\xdfl\xa2\x0fF\
9=\x03?5\x05\xea\xf7\x82\xca\x9b\xb9\xaa\x13\xd0\xb4\
C\x09\x1e\xe9\xb6\xda\xc9\x8c\xaa\x13\xd3\xc8@\x0b\xab~\
/\xac\x08\xfc\xf5T\x5c\xf9\xbe\xf7\x82:\x9d\xeb\xb62\
\x10\x19W8\xb2\xa3\xa6\xb9\x00\x15\xcd\xc9>\xaf#K\
\xbc\xbc*\xf1*e\xb9\xd8q\xcbl\xaa\xcfj%\x0c\
\x85Y\xa8\xa3\xfa\xf6r\xd2\xd66\xdd/\x0a\x0c\x8f\x0c\
\xe3\xeb_\xfd\x12N\xfb\xe7?144\xb4]\x22\xf0\
\xdecpp\x08\x7f=\xf5/\xf8\xcd/\x7f\x8e\xd1\xb1\
\xb1p`\xcc\xb2}\x5c\x0e\xc1\xaa\x1d\x22Z\xe6\xf1\x1a\
\xc3\x16\xd2\xe5\xfa`\xe2\x0f\xaa\xbdoI\x9d,s\xa8\
\xf5\xaf\xe8\x17\x18\x1f\x1f\xc7\x0f\xbf\xf7\x1d\xfc\xe9\x0f\xbf\
_\xd1\xf8\x97+\xf6l\x01up\x1a5%\xe9h\xc1\
\x10w\x04\x9f\x93x9R\xaf\xf4\xd0\x10}K\x90\xc6\
r\xc7Uw\x0e\x0a|\xd6:\x13\xd4\x99\x00\xf8\x10\x90\
\xb1\xbcOJ6\xfdx\x94\xfd>\x06\x1e\xffx\xac{\
\xd8\xc3\xd1X\xb7\x0e\xcd\x89\x09PnB+\xbd\x07\x17\
\x05z\x93\x93\xf0\x0b\xf3\xf0\x93\x93\xe8m\xb8\x18\x8b\xff\
\xfc\x07\x16N=\x15\xb8\xfc\x0ad\x5c\xc2u:@\x9e\
\x87\xf0d\x10*\xc7\xa20\xe2\xde\x81\xd4\x7f=6\xca\
b\x0a#nl\x92K\xc2\x1c\x08\xbe(\x90M\x8c\xa3\
\xff\xdd\xef`\xe3a\x87a\xdd\xa3\x1f\x8bbr\xcb\x0e\
\x85\x0e'\xbc\xe5%\xc4.\xb6\x9eN\xb8R\xabY\xef\
FRS\xed\x5c\x8af.\xa1\xc42\xf1lq\xc7\xe0\
@\xe2\x85dj\xae\xbe\xc7\xaa\xee#\xaa\xa0H\xfd2\
\xac\x22}gd\xce\xa1\xbb\xb8\x88\xf7\xbe\xe3\x04|\xf2\
\xf3_\xdc\xee\xe6!fF\xa3\xd9\xc0\xb7N<\x11s\
s\xb3\x18\x1f\x1bGa\xec\xe7t ^l\xc3\x80\xa6\
\x02O\x89\x81V%\x81\xe12\x17\x8fUC<RL\
\xe0\xc1\xa0\xcc!\x8b{\xee\xbd/Qz+ +U\
U\xf0\xbb~\x88\x8a~\x13U\xdc\xe5X\x98\x9d\xc5W\
\xbf\xfc%\xdc\xf9.w\xdd\xe6\xd8\xb7\x0e\x14D\x81\x14\
\xc6\xcdQXp\xa2\xe8\x90\x0b\x94B\xfc\xa3gP\x0e\
\x90\x0b\xdb\x06\xa5\xbb\x94\x84\x9b!|U\x7f\x99+\x80\
\x5cQ\xf1\xbe\xb6\x16\x0f\x836\xd0F(bW\x80\x89\
\x8d\xe5\x13\xc9K\xf0\x05c\xecU\xaf\xc1\x9a'>\x11\
\xb4\xb8\x08\xdf\xef\x83\xbb]\xf0\xe2b\xb5M\x22\xb4F\
GA\xe3\xe3\xc0~\xfb\x83n{;\xf8\x87?\x1c\xfd\
k\xaf\xc5\xec\xdf\xff\x8e\xb9_\xfe\x1c\x8b\xbf;\x05\xf9\
\xd4\x14\xb2\xe1\x91P\xbf\x1c\xe9\x14\x11\xb5\x9a\x01\xd9\x9a\
1\x96a\x92\xc5u\xa8\x19 \xfc\xa4(\xd1l\xb50\
\xf9\xde\xf7\xa0\xb1\xcf\xbe\x18\xbd\xe3\x1dP\xce\xcd\x81\xdc\
\xea\x98\x80\xcc\x1f\x18`\x1fT\xcc\xeai2\x11I\x0d\
\x91-7Q\xe1\x908B\xd6\xc8\x97\x0a\xc6*\xe5\x07\
M\x0b\x89F\x18AU\x96C+-\x83D\x0dWX\
\x01\x10o\xfb\xd8\xdfh\xc2\xe9Y\x90\x08\x8f\x15E\xf0\
\xe4\xff\xee7\xbf\xc2OO>\x19\x8f|\xf4\xa319\
9\xb9\xec\xbe\x81@\xfcM\x5c}\xd5U\xf8\xcb\x9f\xfe\
\x80\xce@;\x1c@\xab\xf7\xed\xb8\xe5\xba\xf8<\xa8\xc6\
\x04M\x9fA\xc8\xb3\x06\x16\x17\x17\xb1\xb00\x8f<\xcb\
\xd1\xe9\x0c\xc2e.>\xefQ\xf6K\xcc\xcc\xcf\x80\xc1\
h\xb7\xdb\x18\x18\x18\x88\xb1\x06F\xf3\xd1\xd5\x87\xd8\x1e\
\xd2O2\x9f\x16neY`xh\x08\xbf\xfa\xd9\xcf\
\xf0\xcf\x7f\xfc\x1d\xb7:\xec\xd6\x98\x9f\x9f_\xd5.J\
VsV.$\x7fK\xdc|\xcbrQb\x06\xf2\xa0\
T\xd6\xe5\x84\xfc6\x98\xb0\x94lW\x5cH=&\x15\
\x88/a\xc7K\x08^A\xea\x83\x83oj\x0a\xed\xc7\
?\x01k\x9f\xf4d\x14\x1b\xaf\x0d\xdbz\xd5\xfd\xbcD\
\x9f\x0d{\xf9\x03d\x94`\x1aCCX\xf3\x80\x07`\
\xfc~\xf7\xc3\xdc\x99gb\xf2\xc4\xafa\xe1\x87?@\
+\xcb\x80\xb8lG\xe0Z\xa6\xb4z\xe4!`M\x04\
\xd2_\x0c\xf1\xb8\xa6\xc1x\xf8F\x8e\xd6\xc2\x02\xb6|\
\xe8\xfd\xe8|\xfas\xc8\xed)\xc9\xab(\x0c\x0e\xdaF\
\x14\xe5\xea/Q\xef\xfa\xd2\xbe\x85\xfex3\x06BQ\
\x14\xd8\xbcys\x95\x08\xcc\xac\xcaYu\xd6\xeb/R\
\xba=0\x80V\xbb\x8d\xbc\x91\xa7Xz\xa0\x22I\x03\
\x0f\xe24\x83Q*%\xc5\xc1\xc8@a\xfa\x14\xd4\xfa\
v\xa7\x8do}\xfd\xabx\xd0QGm\x15\xf9\xbd\xf7\
\x18\xeet\xf0\xd3\x1f\xff\x08\x97^\xb2\x01\xa3\xa3a\x09\
Q\x8d#J}&\x8bQ\x02\x1fU\x87\xa4\x13\x0c9\
\xbe\xfe\xda\x8d\xd7\xe2\xe0C\x0e\xc1}\xee\xf7\x00\x1cv\
\xd8\xad\xb1\xdf\xfe\x07`\xa0\xdd\x06\xb9\xe0\xb4\x9c\x9e\x9c\
\xc4\xa5\x97^\x82\x7f\xfe\xfd\xef\xf8\xc3\xef\x7f\x8b\xf3\xcf\
9\x07C#C\xe8\xb4;\xe8\xf7\xfbJ\xfcr\x1a\xa7\
:X\x95\xb1&\x8dJ\x03M\x22\x0c\xb3<\xc7\xd4\xd4\
&\xfc\xf0\xbb\xdf\xc1\xed\xefpG\xcc\xcd\xcdm\x03\x1b\
\x96+\x15I\x14\x95ZC\xb3\x11<\xccA9b0\
r\x84#\xe5\x90\x94\x1c\xad\xa1\xaa\xed\xcal\x11\xa1~\
y\xe5}\x93\x19 \x9d\x80 \xb5\x8c\x15\x12\x09\xc8\xb1\
i\x83\x1c\xa8_\x80\xf7\xd9\x07\xa3Oz\x12xv&\
\xec\x83\xdf\x1ewL\xebOI-+K\x14\xd3\xd3 \
\x22\x0c\xdd\xecf\x18z\xdb\x09\xd8\xf4?\xf7\xc6\x96\x8f\
~\x04\xd9y\xe7 \x1b\x1d\x8b\xe1\xbc\xd5\x83$\x03b\
\x13\xac6\x95Dn\xc2&\x11|F\x9b\x02\x97\x1e\xe8\
\x0c\xc2\xff\xe7?\xd8\xfc\xadoa\xcf\xa7?\x1d\xc5\xe4\
\xe4\xeaL\x013\xb7\x0eQ\xae\x11@p\x899\xd5\xf9\
\xac\x5c\x8b}v\xce\xa1\xd7\xeba\xbf\xfd\x0f\xc0\xf3\x8f\
{I\xd8\xef\xaf\x8f\xb3\x88\x88\xa0a\x08\xeb\x8dY\x7f\
6m\xda\x88\x8d\xd7\x5c\x83\x0b\xce=\x17\xff9\xed\xdf\
\xd8\xbcq3\x86\x86\x87\xd0n\xb7\xd1\x8b\xe7\xef-a\
\xc1\x16\xd7\xedE\xf3\x8dA:M\xc1\xa97\x80\x7f\xfd\
\xe3\x1f8\xe7\xac\xb3p\xf3[\xder\xabR\xd0\x11\xe1\
\xcf\x7f\xfc\x03\xe4\x84dMg[\x81A\x98\x17\xab\x91\
\xd5\xba\x00fF\x96g(z}xf\x1c\xf7\xd2\x97\
\xe3\xa9\xc7<\x03{\xed\xbd\x0f\x8a\xb2\xd0\xb3\x05\xa5d\
Y\x86;\x1f~8\x1e\xf3\xb8\xa3q\xe5\x95W\xe2\xe4\
\x93~\x88\xaf}\xe9\x8b8\xff\xdc\xb31>1a\xb4\
\x818:\xd1\xd2\xac9)\x93\xa2\x0c6|\x96e\x89\
Ng\x10\xbf\xf9\xf5\xafp\xd5\x95Wbxdd\xbb\
\x07\xc7V\xc0\x1dC\xc5\x13\xbc\xb9\xe2\xc7\xaf\xd0m\x94\
\x1e\xb9D\xe0W\x1d\x01)P\xc7h*;^\xc8\xf8\
\xcf\xa5b\xae\x01(\xca\x08a\x8c\xac\xd8\xc3\x80\xcbQ\
NMa\xf0Y\xcfB\xe7\xa0\x83Qn\xdaT\xb5\xf9\
W\xd9\x17!<\xbf\xb0\x000c\xed}\xef\x8b\xe1\xdb\
\xdc\x06\x1b?\xfeQ\xcc\x7f\xfd\xebh\x0e\x0e\x02\xe4\x8c\
\xce\x16_E\x94*\x95I\x15\xc8F\xd6\x19\xc5j\xd8\
;.\x84\x14\xce\xf5k\xb4\xda\x98\xfd\xfa\x89Xx\xe0\
\x03\xd1\x1a\x1d\x0d\x87h\xaetU\xc5\x10Su\xa9\x94\
+7\x96zh\xd2\xefp\xcap\x89\xb1\xb1\x09<\xfc\
\xd1\x8f\xaeh![\xedEdt\x82\x5csss\xb8\
\xf0\x82\xf3\xf0\x9b_\xfe\x12\xdf\xfe\xc6\x89\xb8\xe0\xbcs\
1:6\x0ar.\xec\xc2\xa3$D\xd4\x14@\x15\x7f\
(R\xa4\xec\x00\x0dx\x16~\xe7Y\x86\xa9\xa9)\xfc\
\xfe\xf7\xbf\xc5mnw\xbbe\xa5\xa0s\x0e\xf3s\xf3\
\xd8p\xd1\x85q\xd9\xccW5J\xd5\xe1l\xdb\xb5\x11\
\x0a\xff\x8e\xc7\xae\xb7\x06\x06\xf0\x9e\x0f}\x14\x0fx\xe0\
\x83099\x89M\x9b6\xea:\xbe%@\xbb\x8bo\
xx\x18\xcf|\xcesq\xd4\xc3\x1e\x86w\x9f\xf06\
|\xf3\xc4\xaf`l|<\xd6m4\xaa\xdalPM\
\x03\x164\xf3\xec\xd1j5q\xc9\xc5\x1bp\xea\xa9\x7f\
\xc6Q\x0f}8\xa6\xb6b\x06-W\x92\x86%\xed\x10\
\x989\xee\xdf\x0a\xde5B\x12\x1el\x14J\x98\xbd\x80\
a5~9\x1duG\xf4V\x080\x18\xd6\x05\xad!\
\xbc>,m\x91Yr\x8a\xd8,)i\x80\xa2\x0f^\
\xbb\x0e\x83\xf7\xbe\x0f\xfc\xdc\x5cT\x7fc\xb8\xa6\x0f[\
/+\x9f\xf6O\x9e\xf1\xbe2)\x00\x82\x06\x91e(\
\xa6\xa6\xd0\x18\x1c\xc4\xde\xaf\x7f\x13\x86_\xf7z\xf4\xbd\
\x0f\xfdq.\x1e\x9f\x1d\xfb\xad\xfe\x89hYq\xban\
l\x83\x00\xfa\x8a-\x16\x9fm5A\x97^\x8c-\xdf\
\xfc\x06\x5c\xa7\xb3\xca\xd8\x00\x99RRPB\xfb\x05#\
\xf6\x8c\xcag\xfa#\xdf%y\xc7\xd4\xe4\x14&\xb7l\
\xd1\xbf-[\xfb\xdb\xbc\x19[\xb6l\xc1\xe6\xcd\x1b\xb1\
y\xd3F\xf4\xfb=\xdc\xf4\xe0Cp\xdc\xcb^\x8e\xaf\
~\xeb\xbbx\xcd\x9b\xde\x8a<o\xa0\xec\xf5\x91\xb9\xcc\
L\x1f\xebt\xd7\x99R\xb8\xeeu\xe9\x17\xe6\x19\xefK\
\xb4\x9aM\xfc\xf6W\xbf\xc0\xdc\xdc\xdc\x12\xe4gf\xe4\
y\x8e\xcd[6\xe1\xaa+.\x0f;\xea*K\x1b2\
OItq|\xcf`\x96\xe2B\xe6\x08\xdd^\x0f\xaf\
\x7f\xcb\x09x\xe0\x83\x1e\x8c\xab\xaf\xbaJ\x93\x88dY\
\xa6IL4\xa8\xc7$\x0e-\xcb\x12\x1b\xaf\xbd\x16\x83\
\x83Cx\xcf\x07?\x82\x97\xbd\xeauX\x98\x9b\xaf\xf2\
t\x83\xcf\x95\x85P\xcb|)\xe0\xbe\x03\x81\x5c\x86<\
s\xf8\xf5/~\x01_\x96+\x96\xfe\x95\xe6D\x9b\x8b\
\x9cU\x22\x004\xf5\x1fG\xa9Ef\x190v\x05\xd6\
\x80\x10\x89gE\xe0\x0e\x05)HJ\xa9\xca\xc0\x97z\
\x82\xebCe\x10\xe0\x1c\xfc\xfc<:G\xdc\x03c\xb7\
\xb8\x05\x9a\x00Z\xed\x0eZ\xadp\xe4xk\xa0\x8dV\
\xab\x8dV\xbb\x1d\xbe\xb7k\x7f\xad\x96~o\xc6 \x8b\
\xfa\x12\x0be\x19\xb8(\xe0\xa7\xa7\xb0\xd7\x93\x9f\x82\x89\
w\xbc\x13\xfd\xa2\x80\x13[\xd8rs\xf9\xee\xcdp\xa2\
\x04\x0bzV\x84\x97\xbcg\x88\x93}\x89\xc6\xc0\x00\x16\
O\xfe1\x16\xaf\xba\x0a\xae\xd9\x5c\x05S\xad\xea\xf76\
\xd0\xc32\x01\xc1\xb7\x0a\x0e\x02K`\xab\xd9oW\xfc\
\x97k\xa6\xdc\xee\xc2\x026^{-\x86GF\xf0\x82\
\x17\xbd\x18\x9f\xfe\xe2\x97\xd1\x1e\x1cB\xbf\xd7[\x82\xb0\
D\xf5eK;\xeb\xe9[\x80c\xc8\xc8\xd3j\xb5p\
\xceYg\xe1\xe2\x0d\x1b\xd0lV\x03c\x98\x19y\xa3\
\x81k\xae\xba\x1a[6o\x09\x0c\xc2s\xbdz\xf3=\
b}\x15\x92\x01\x06\xceavz\x06G\xdc\xf3\x7f\xf0\
\x88G=\x1aW_}5\x1a\xcd\xe6*TnB\x9e\
\xe7(\x8a\x02\x93\x93[\xf0\xf2W\xbd\x12\xc7<\xfb9\
\x98\x9c\x9cB\x9e\xe7q\x5c\x94\xe6cI\xdf\xc2\x17\x22\
\x87<\xcf@\x8e0?7\x8b\xd9\x999\xfc\xe7_\xff\
\xc2\xd4\xe4$\xf2<_\x1d\xcd\xb1\xdd\xc7\x93\xda\xa1%\
j\x10\x83\xc0\x94W\xaf\x0a\xaa\x88\xc1T\x8b\x9d\xe6\xca\
\xc7\x8a\x8b\x84\x9cj\x17\xb86%\xd1\xd9\xe0\xe3j\x84\
tC8c\xc39\xf4nt#\x5c|\xc1\x05\xe0\xe9\
\xe9p\xf4\xb4\xa8\xe1\x12\xe8c%\xa2u\xba\xc4\xd8s\
r\x0e\x8df\x13\xfb\xee\xb7\x1f(\xcb4\xb9f\xa5\x0f\
Y\x86\xfe\xc6\x8d\x98\xb8\xdf\xfdQl\xda\x84-o?\
\x01\x03\x03\x03`\xe74\x15\x94\x8d\xc6\x13h)\x9e\xd5\
8\xbfU\xd5\x15\x01Z\x03\xe0K.\xc1\xd4/~\x81\
=\x9e\xf4\xa4U\xf9\x02\xb8\x22\xe9\xd2d\x04\x97J\xf8\
\x92L\xaa\xfa\xbb\xb5\xbe\x5c\x87B\xce!w\x0eeY\
\xe2\xea\xab\xaf\xc6\x9d\xefr8\xde\xf5\xc1\x0f\xe19\xc7\
<\x15\x8dfH\xfc\xca\x9a\xda\xb1\x1a\xcem\x9c=i\
\x18\xfa5\xcc[\x9eg\x98\x9e\x9e\xc1\xc5\x1b6\xe0f\
\x87\xde\x1c\x0b\x0b\xf3\xaa\x09\xc8\xee\xb9\x8b.\xbc\x00\xb3\
\xb33\x9a\x80sY6G\xa1N\x93k*\xc2\x8b\x14\
OJf<\xe8!\x0f\x8d?w\x0c2\xa2\x19\x5c{\
\xcdF\xbc\xf0\xa5/\xc7\xef\x7f\xfb\x1b\x9cw\xceY\xe8\
\x0c\x0e\xa2,<$&\x03D:O.#\x10e`\
\x0e\xc9C\xbb\xdd\x1e\x06\xdam\x1cz\x8b[\xe1nG\
\xdc\x13\xf7=\xf2~h4\x9b\x9a\xbdxe%\xc0@\
\xfd\x0db\xa2\x0a\xbd\xc92w\xc2\x18\xe4)h\xa3\x06\
(\xd5\x00\xe2\xdd\xa8*\xc8\xf2\xc1\xaa\x99\x00'\x845\
MX\xcc0\x16[\xb2\x1f\xa9\xf4@{\x10\xc7\x7f\xf4\
C\xb8\xe8\x03\xefE\x93\xa8R\x85&\xacd\xd6%+\
\x11\x8f\x0e\x00g\x81\x01\xc4\xd5N\xdc\xe6\xb6\xb7\xc3k\
_\xff&\x1cx\x93\x9b\xa0\xb7\x9c\xc4\xcas\x94\x93\x93\
X\xf7\x84'\xa1?=\x8d\xc5\x8f|\x08\xf9\xd0p\xe8\
Gl5\xa1\x9a\xfd\xd7ry\x81\x90ah@\xf0\x0c\
3#\xcb\x1c\x16\x7f\xf1s\x94\x8f~\xf4\x8a\x13\x8cJ\
K\x16\x91\xb571F\x22\xd8|Ik\x11?\x8a\xee\
R\xd3\xcf\x155\xb9\xfd>\x11\xa1\xd1h`\xe3\xc6\x8d\
\xb8\xef\x91\x0f\xc0\xf3\x8e{\x09>\xf2\xbewal|\
\x1c=_HO\xe3z|\xf4\xc9+\x13#\x05\x9c\xc5\
1\x1d\x87/q\xd6\x99\xa7\xe3\x81\x0f~\xf0\x92v3\
\xe703;\x8b^\xaf\x17A]\x17y\xa2UP\x02\
\x95\x0db\x8b\xc4\xd8\xef\xf70\xb1f\x0dnw\xfb;\
\xa0\xbb\xb8x\x9d\x12\x97\x12\x11\xca\xb2\xc4\xd0@\x1b/\
z\xd9\xf18\xee\xd8gj\x1a=\x91\x10\x8e\x82\xf9P\
z\xc6\xc2\xc2<\xba\xdd\x1e\x06;\x838\xec6\xb7\xc3\
\x11\xf7\xba7\x0e\xbf\xeb\xddp\xe8-o\x89\xe1\xe1a\
\xf4\xba],\xd6\x97\xb6\xb7W8\xda\xf0\xa1C\x15\xad\
C\xc0\x94\xf4\xae\xf0\x99\xa7%7c\xa9\x85YS\x00\
F\xaa\x0a\xb7x\x07\x02\x81H\x104\xf5\xc4\xe6\xb0\xd3\
\x04\x8c\x899\xc1\xc7\xb8\xfd\x86#\x5cY\xf6q\xd1\xfc\
<\x9ay\x06\xf6\x08\x89\x8e9h\xe1\xd1\xce\x81\x8c\xa3\
$\x80|h\xd3sB~\xc44\xda\xbf\xfe\xe5\xcfq\
\xf5\x95W\xe0[\xdf;\x09Y\xa3\xa1K^\x95\xe2\x1c\
\xfc\xe4\x16\xec\xfd\xacg\xe3\xe2\xf3\xceC\xf9\xa3\x93\x90\
\x8f\x8e\x00\xa57\xe8\x95\x88\xdc\x0a4\xd1f\xc4\x19h\
\x15\x12pLW\xd5\xee\xa0w\xdai\x98\xfe\xe7?1\
~\xc7;\xa2\x98\x9b[\x11#P\xe7\xd1\xb22<\xb2\
o!*\x01'\x84\x00\x123\x90\xcdB;\xabdY\
\x86\x99\x99i<\xf5\x19\xcf\xc4ON\xfa\x01.\xb9x\
CH\x00\xcbam\x5c\xf6\x05\x98\xd0\x14C\xb8\xa4w\
,Cp\xce\xe1\xa2\x0b.@Q,o\x07\x97er\
\xa0\x0a\xd3\x80\x8c\xd3*J\x94fJ\x1b\x88\xc9g|\
\x192\x05\x8f\xaa\x16\xb1s\xe0p\x9f#\xef\x87;\xde\
\xe5\xae\xf8\xd3\x1f~\x87\xe1\x91\x11\x9d\xf7\x85\x85\x05,\
,\xcc\xa3\xd1l\xe1\x96\xb7\xbe\x0d\xee}\x9f#q\xf8\
]\xef\x86[\x1ev\x18\x86\x86\x87\xd1\xeb\xf5\xb0\xb8\xb0\
\x80-\x9b7\xabV\xb1\xa3%\x05\x01\x09\xefc%A\
+@\x1d\x11\xca\x8a\x0c\x13\x8c\x85\xec\x00\x84\xae\x9b\xca\
v\xcaU\xa3\x8eH#\xc4]\x87pI\x0a)\x85\xa4\
\x9e\x09Ay\x022\x00W\x97\x1e>\xcb\x90\xb9L#\
\xb1\x5c\xe6\x90e\xc1v\xca\xb3\x0c\xb9sh\xb8\x0c9\
9\xe4\xf2\x9998G\xc8)\xbc\x93\x81\xb0\xf7\xba=\
p\xf9%\x97\xe2\x8c\xd3O\xc7\xc0@\xdb\xc4o\x9b\x22\
\x88\xd5\xedb\x8f\x17\xbf\x04\xc5~\xfb\x83\xbb]\x941\
\xe2/\xa5*\xabo\x95\x16\xc9\x83\xb4\xeb\x91\x05~a\
\xfc\x04\x0e\xf1\x0bss\x98\xfb\xed\xef\x80FcE\x22\
Y\x108)M\xb1>\xb2\xbf\x8c\xbd\xad\x9bu\xb8\xca\
\xdf(9\x12wV!\x22\xf4zA\x9a>\xe4\x11\x8f\
\xc4\xfc\x5cX\xba\xb3}\x86~\xe7\xc4p\xa9z\x07\x11\
\xbb\x98C\xa6\x9c\x8b.\xba\x10s\xf3\xb3K\x1d\x81\x08\
\xc4\xeb\xe2X\x96\xdb\xf7\xeeL\x8d\x09V\x88\x0c\x81\xe2\
*\x1c\xa1\xf4\x1e}\xdd=x\xdd\x8b\xe4&8\xf2\x01\
\x0fD\xbf\xdfGw\xb1\x8b-\x9b7\xa3\xdb\xed\xe2\xe6\
\xb7\xb8\x15\x9ey\xec\xf3\xf0\xd9/|\x19_>\xf1\x9b\
x\xe9\xf1\xaf\xc0\xed\xeepGx\xef\xb1e\xf3f\xcc\
\xc7\x15\x0fq>\xeep\x1f\xe2?\xe2S\x17%@p\
2\xcc~\x18o\xae\xc8.*\xbf]\xc5\x01)r.\
\xfdw\xe5\xbda]J\x91h?\x18\xfb8\xaa\x18\x92\
\x98\xb1\xb2|\xc2h\x82p\x0d\x03\xc8s\xe4\xceD\x07\
\xc6\x09\x94\xe7=\xfb`/\x8941d\x22\xcbt\x0c\
B\xc9\x1e\xde\x97\x98\x9c\xdc\x82,s['>\xe7\xe0\
\xbb]\xb4\xf7\xdd\x17\xe3\xc7\x1d\x87\xc9W\xbf\x12\x8dV\
\xab\xb2\x9e\xcbV\xccj\x9f\xf5nR\xc1\xe5&\x85\xb1\
\xb2\xf7\xc8\xdbm\xf4\xfe\xfeW\xf46o\x0e\x07\xa6l\
\x87\x09$\xf3\x8b\x8c\x9e\x17\xef\x09P)&x2\xd2\
\x14rF\x00\xe2\xe6\xcfxo\x99\xc45\xd7\xa9H\x8c\
\xc1\xe1w;\x02\xed\xc1\x0e\xbc/\xed\xd1\x0fF\xc4\xb8\
$\xed\x93:\x95\x84@4\xe4\x5c\x96azz\x0a\xbd\
n/f\xd95\xb6p\x9c{\xc5)Er\xd2\xc6*\
\xda\xac\xc1\xbb\xc4*\x83/ajr\x0b.\xbd\xe4b\
\xac\xbd\xdd\xedw\x0a#p\xcea~a\x01\xf7\xb9\xdf\
\xfd\xf1\x99O|\x14\xe3\x13kp\xf7{\xde\x0b\x87\xdf\
\xf5n\xb8\xf5mo\x87\xf1\xf1q\xf4\xfb}\xcc\xcd\xcf\
a\xb3\x91\xf4;%Sr\xdd\xa7e\xe0k\xfc\x1e\xaa\
3\x03\xe0\x9c\x99k\xf1H\x89GXEW\xca\xea\xd5\
\xffH\xa8\x91\xf3\xb3\xb9\xa1\x82\xd1(%\x09/\xc2\xfd\
,s\xb8tv\x1a\x9b\xe7f\xe0\x1a\x0d\x14\xb1\xfb\xa5\
 \x96#\xb0\x07\x1a\x8d<8]\xbc\x8f;\xdf8&\
\x1a\x8d\xf5\x12\x81\x22\xa0\x9d\xcb\xb0~\x8f=C\xec\xf8\
6&\x9c\xb2\x0c\xe5\xd4\x14\xd6<\xe0\x81\x989\xf9d\
\x94\xbf\xf95\xb2\xa1!\xb3|'\x9d \xfbK\xc7g\
Up\xd2\x7f\x03\xb6R\xab\x85\xf2\xc2\x0b0\xf7\x9f\xd3\
0~\xd7\xbbm\xd7\x0c0\x0a\x92\xceT\x9a\x9b\xa4:\
%\xf6\x97\xb6V'\x93\x05\xc9\x1e\xd9\x89\x1a@\xa8\x96\
\xd0\xebv\xb1\xcf~\xfbb\xaf\xbd\xf7\xc1\x95W\x5c\x8e\
f\xab\x99\xfa&\xae\x1a\xd4\xfa^c\x10\x1c\x19V\xe6\
2,.,`fz\x0aCCCU\x15\x9d\x00\x97\
e:\xd6\x84G\xc9\xd4Z\x02\x1b\x04]\x98L\xa3Y\
\x96afz\x1a?\xfa\xc1\xf7q\xd7\xbb\x1d\x81\x99\x99\
\x99\xeb|\x80I\x88\xb5(0::\x8a\xcf\x7f\xe5\xeb\
X\xb7~=\xc6'Bv\xa2\xf9\xf9yl\xdc\xb8\x11\
\xce\xb9\x9dG\xf4\xb5Ra\xec\x22\x9f\x82\x00\x8c\x08H\
\xc1'\x19A\x96\x13\xc1U\xbc\xe6\xc6\x0c\x10\x07\x96f\
V\xd9Yv\xa3\x91\xferZ\x99L\x90\x15m\x19\x11\
\xba\xdd\x1enz\x97\xc3\xf1\xd8}\xf7\xc6@\xbf\xaf\xfb\
\xd6Eu'\x22\xe4\x8d\x06.\xb9\xe0\x02\xfc\xf5O\x7f\
B\xbb\xd3A\xa3\x99\xd7\x0c\x15FYz\xf4\xba\x8b\xb8\
vr\x0a\xf7{\xe0Q\xb8\xc5\xadn\x85\x85\x15\xc4Z\
3\x80\x8c\x19\x13\xc7<\x1dW\x9fz*r\x8e1\xf0\
\xf2\x09\xc0j\x1c\xf5w\x97\x19t\xf8\xe6\x08nq\x01\
\x8b\xff\xfa\x17p\xcf{\xad\xc8\x0c\x90i\x80H?\x06\
\xd2\xe6)\x1b\xbc\x95\xacm\x00\x95(8\xda\x99\xf3X\
\xe9\x1b\xa1,\x0b\x8c\x8d\x8dc\x9f\xfd\xf6\xc3\xa5\x97\x5c\
\x8c\xd6\xc0\x00\xc0\xa5\xf6A\xf0Lt3\xaa\xcd\xb7\x1a\
\xa9\x08\xc497;\x87\xe9\xe9\x19\xec\xbb_\x86\xcaI\
G\xcc\x18\x18h\x05S\xaa6\xd3\x15!\x18\xff\xad0\
\x1dSGY\x96\x18\x1a\x1e\xc6\x0f\xbe\xfb\x1d<\xf21\
\x8f\xc5\xados[l\xde\xbc\x19\x8dF\xe3:\xc3\xc3\
{\x8f}\xf7\xdb\x1fE\xd1\xc7\xe6\x8d\x1bA\x91\xe8\xf3\
\x1d\x0d`[A\xd1\xa5t\xeb\x1b\x91\x98\xdf h\x83\
\x0edL\xd2\x9c9X\x06Lf\xc9V5[\xf9\xd7\
\xca\x9f\x1d\x13\x1d\xcc\x80c\xae\x12\x0bW\xdb\x09\xdc;\
j\x0a\xd1\x96\x9a\x9a\x9b\xc3C\x8e~<\x9e{\xf4c\
\xd0\x9b]Xr\xaa\x8a>75\x85O~\xf4\xc3\xf8\
\xee7\xbf\x8e\xab\xae\xbc\x12EY\x22\xcf2\xf8\xe8\xfc\
\x1b\x19\x19\xc5\x8d\x0f:\x18\xf7\xbd\xdf\x03\xf1\xa4\xa7>\
m\xc5k\xab\xe4\x1c\xca\xf9y\x8c\xdc\xf6\xb6\xd8r\xa7\
;\xc1\xff\xe6\xd7p\xc3C!\xdc\xd32M\x85\xcdR\
\xe22(\x0e\xe8X\x19.\xcf\xd1?\xf3L\x94\x8b\xdd\
\xed:\x01ebe&\xc4\x19\xab\x9b\x7f\x8cY%*\
v\xd2>\xcc\xec)\xe3D\x85I\xec\x8c\xc2\x0c8\x17\
N\xd6\xad\xf4\x81\x85\xd8k\x86d\xcd-\xa5S\x12\xc7\
Y\x96\x05\xfaE\xbfB\xd5D\x84~\xbf\x8f\xfd\xf6\xdb\
\x1f\x83\x83A3Xj\xce\x18\xa9\x1f\x85Xr]\xa7\
y\xf7\x00\xf2,\xc3\xc2\xfc,^\xfe\xe2\x17\xe2\xa3\x9f\
\xfc,\x0e9\xf4PLn\xd9r\x9d\x9dp\xc1/\x12\
\x8eE\xcb\xaeG\xa2_R\x22\x0dYL#\xa2\xb8\x00\
\x18\x00\xe9\xd5Dd\xe4\xc4qwP\x8cD\xd2s\xfa\
\x10\xd5\xd6(\xa1\x1d\x07\xe4\x91\xd4\xd4\xab*1\xb2N\
\x04\x188\xa9\xe8\xa0\xb4\x83Ip\xc1\xae38f\xf4\
\x16\x16\xb0eva\xabk\xe6\xb26\xfc\xf2W\xbd\x16\
\x8f}\xfc\x13p\xda?\xff\x89\xcd\x9b7\xa3\xdf\xef!\
\xcb\x1b\x18\x1c\x1c\xc4!7;\x147:\xf0@\x8c\x8d\
\x8fcff&,!\xc5B\x08\x84\xbe5\xfb\x8f\x11\
\x9c\x91#\x8f|$&O9%h\x01\xc93*P\
G\x95\xd4\xaa\xac@m`1X\xbd\x87k4Q\x9c\
}6\xba\x97]\x8a\xf6>\xfb\xc0\xf7z\xdb\x96\xce\x1c\
\x0f\xb8\xd4\xec\xc0\xc2\xdaSTR2\x13\x08\x04\x1fm\
\xbb0\xafL\x1c\x8f\xb4\x8e\xd1\x97;\x91\xf8\xed@u\
\xc7\xa0G\xdaW`\xc0\xa3\xfb%X\x96\x06\x15\xcd\xc0\
\x90\xa00\xd2\xc8\xd0\xaa\x84\x0f\xcbm\xeb\xf7\xdc\x0b\x03\
\xad\x01\xf4z\xdd\xe0p\xe4\x18\xe2\xa6noBX\x0e\
\x82\x06\xc6\xa4\xfd\x13\xb1xF\xdf\x97\x18h\xb7q\xf1\
\x85\x17\xe2\x89\x8f}$\xde|\xc2;\xf1\xe0\x87>\x0c\
\xfd^O\xc3\x90w\xf4H\xb3\x1b\xfa\x184\x92  \
\xd6\xa8\xbf8\x5c\xae\x0c\xdb!\xd0\x15\x01\xc8\x97\xc8v\
\x165\xc9Jj#y\xb0\xd4/\xb0\xcd\x22\x95\x12\x96\
\x92\x88X\x1e\xea\xcc\xa3\xa8%\xfat\x8d\x08\x88\xf6\x12\
g\xd9V\x83f\xbc\xf7\x98\x9a\x9a\xc4\xfa=\xf6\xc2Q\
\x8f8Pc\xd2\xa5\xbd^\xaf\x87^\xb7\x8b\x8d\x1b7\
\xa2\xd1\x08L!o4@ x\xf6\xe1T\xdbn\x17\
`^\xa2eP\x8cF\x1c\xbd\xcb\xe1\x98\xbe\xe9M\xe1\
\xcf;\x17h\xb7\x01/\x87\x95JK\xb15\x0a\x9e\xec\
\xa4\x9e\xf2\x92\xf4c`\x06\x9a\x0d\xf8k\xaf\xc1\xe2\xb9\
\xe7\xa0s\xe3\x1b\x83\x17\x17\xb7\x1f\x14\xa4&\x99\x99\x07\
\xe3\xf0\x91e\xcf\xaa\xd3\x8bS\xf7\x80\x98\xc3\x0e\x95)\
\xde\x19\x85\x80\x90\x1b\xd1\x97 \x83r$Z\x92\xcc\xa7\
\xf0N\xe9\x06\xa5\x0a\x92\x09\x13\x1f[\x86\x88\x8a\xa2\xc0\
\x9a5\x13X\xbb~=.\xdep!\x06Z\x03Q#\
2h\x1e\xebrD\x88\xab\xc2\x90\xa0\x18\xc0\xce\x18\xa1\
\xe8\x97\x18\x1c\xec`~v\x06/~\xfes\xf0\xb3\x93\
O\xc6S\x9f\xf1L\xdc\xfa\xb6\xb7\x8d\xfb\x0e\xe6\xd4A\
\xf8\xdf<\xe4t{e9\x8f\x9d8\xc0\x05\xa6rC\
\x94\xef\x9c\x9c\xf3b+\x85\x0f!\x1c\xf9\x8d\xea\xe7j\
K\x94\x08\xf2\x83\x91\xdcT\x8a\xa8H_\xd8\x5c\x0c\x1e\
\xe3\x951\x1b\xa2ptu\xbf\xdfC\xb7\xbb4\x80B\
\x18\xca\xf8\xc4\x04z\x8b\x8b8\xe3?\xa7\xe1\xf2\xcb/\
C\xbf_\xa0\xd3\xe9\xe0\xa0\x83\x0e\xc6\xfe\x07\xdc\x08\xe4\
\x0833\xd3p\xb5\xfd\xfa\xbe,\x91\x0f\x0d\xa1u\xf7\
\xbbc\xfe\x8c\xd3\x91w:F\x94\xa5\xd1i\xd6\xa3\xe8\
\x91\x17\xe7g\x85\x03\xc6Ia\x062\xf6(.\xba(\
$\x1b\xd9\xc6\xf8\x82\xd2P\xc29\xa9\xdf\xa8\xc5\xfa\x8f\
\x85\x9d\x81\xa9\xae\x5c\x90\x06r\xa5Zw\x0e\x07\x08\xbb\
\xearLn\x99\xc4e\x97^\x12N\xe7\x91\xa0$y\
&\xfa\x95\xea\xd1\x8a\x95\x1ePTT\x99\xd1i\xb7\xd5\
\x01h\x13\x8a\x16\xfd\x02cc\x13\xd8\xef\x80\x03p\xe1\
\xf9\xe7\xc2\xb5\x1dR\xae+!\xeb(\xc8(\x1dk+\
-\x093\x08\xfd&8\xc7(J\x8fF\xa3\x89\xd6\x80\
\xc3\x0f\xbe\xfbm\xfc\xf4\xe4\x93p\xbf\x07<\x08\x0f8\
\xea!\xb8\xc3\x1d\xee\x84=\xf6\xdc\x13E\xd1\xc7\xfc\xfc\
<\xca\xb2\x00\x91\xdb\xe5\x98\x81MNj\xb6\xfe\x89\x09\
\x00\xe1\xfa\x9e\x05\xc8D9\x02\x0c\x92&\x1b\x0d\x07 \
\xac\x1b\x86\xa0\x9d\x80\xd7\x92!x\x07\xba\x86\x90\x86\x16\
\xd5\xd9f\xd4\xf8\x95\xb4\x1f\x03\x18H\x92H\xacX\xdf\
PFP)Q*\x0e\x0f\x0f\xe3\x97?\xfb)>\xff\
\xd9O\xe3\xdf\xff\xfc\x07\x16\x16\xe6\x01\x1fb\xb1\xd7\xae\
_\x8f;\xde\xe9Nx\xc4c\x1e\x87\xff\xb9\xef\x91\x98\
\x9d\x99\xd1\xfa\xe4\x93\x8b\x02C\xf7\xfa\x1f\xcc\x9f\xf8U\
\xa4X\xd7z\xff\x0d\xb7U\xc6\x90~\xab^B\x81h\
\x90\xe5\x98\xfd\xeb\xdf\xb0\xe6\xe9\xfdmno\x0e\xd3U\
=4\x91j\xb0T\xfd\xd6HZ\xbb\xca\xe2\xc4\xb1+\
/\xeeD\x15\x95\x99\xd1l6q\xee\xe5g\xe3\xb2K\
/\xc3`\xa7\x0d\xc9\xaa\xa0B\x9f\x851J\xffR\x8c\
B\x12:\x0c\xe7\x1c\x8a~\x1f\xa3\xc3#\x18\x1d]\x1a\
\xa4\xc3\x08\x1b\x82nq\xcb\xc3\xf0\xcb\x9f\xfd\x04.s\
(}\xa9\x02#\xd5\x17\xbf\xeb\xde\xfcH\xfc\x95\xd5(\
\xa4\x96\xd9\xa3,\x19c\xe3c\xf0\xde\xe3\xc7'}\x1f\
'}\xff\xbb\xb8\xf1Mn\x8a{\x1fy\x7f\xdc\xeb>\
\xf7\xc1a\xb7\xbe\x0d&&\xd6\xa0_\x14\x98\x9f\x9bS\
\xe6T\xdf5\xf8_)!\xd5s8\xc0U\xd4\x1e\xc8\
J\x89 &i|\x1f\x08\xac~9J\xd9\x1e\x918\
@t\x12\x89=\xc1\xbccH\xe3bG\x18\xbaLS\
\xd3JC\xffU\xdc\x1bi\xe8=\xb8\x5c\xc5\xb6\xd9e\
\x0a3\xa3\xdd\xee\xe0=\xefx;\x9e\xf9\x94'\xe2\xef\
\x7f\xf93\x1ay\x8e\xb1\xd11\x8c\x8fO`dt\x04\
\x8b\xf3s\xf8\xf9\xc9'\xe3\xd8c\x9e\x82\xf7\xbc=d\
\x98\x15\xdb2\x8c!\xc6\x05\xdc\xe4&\xf0{\xee\x05t\
{\x91\x89\xc6N\xcb\xd2\x9a\xc5\xc0d\x90\x87\xb1\xda\x18\
\x87\x18aEy\x0e\x7f\xd5\x95(ff\x82\xfa\xbf\x0d\
f\xa7[Qm[\xb5v\xe4\x9e\x9a\x1e\xb6{\x9c\xda\
]\x85\x11\xb7\xa2\xe2\xbdG\xb3\xd5\xc2\x1f~\xf7;t\
\x17\x16\x02\xec\xe2\xa1\x13\x92oS\xc6\xa0\x11\x9c\x11\x0e\
)d\x97c_\x83\x0f!s\x99n\xe0\xb2E\x1cl\
G\xdc\xf3\x9e\x18\x1a\x1a\x0e\xc7\x8bi\x96\xe3\x04\x03\x8b\
oV\xf5\xb7\x89NI\xda\x05\xb4\x8e\xa2(\xc0>d\
\xeb\x1d\x1b\x1b\xc3UW\x5c\x8eO\x7f\xec\xc38\xe6\x89\
G\xe3)G?\x06o~\xc3\xeb\xf0\xfb\xdf\xfc&\x9e\
t4\x81\xc1\xa1!\xb8\xb87\xe2\xfa<\xf4t\xbbE\
|m\x09\xd8\x80\xa0\x9d\xfa\x058\xd2:\x83=SN\
D.\x0a\x09\xa3\x1d\x92\x0a\x0a\xd9kM\xbeR\xe9\xea\
\x0asH@\x96\xb00\xedI\xa8Y.\xbaN\x1b\x99\
\x0d\x11\x00\xe3\xb0[m)\xcb\x12#\xa3\xa3\xf8\xe6\x89\
_\xc3G\xde\xf7\x1e\xac[\xbf. e\xe9\xab\xaa%\
\x80\xce`\x07\x04\xe0\xa3\x1fx/@\xc0\x8b^v|\
\xf0\x0b\xc80\xca\x12\xf9\xf00\x06\xeepG\x14\xe7\x9c\
\x83\xbc\xd5\xd2l\xbb\xaa\xd4\x8aC\x93\x912w\x90\xbd\
'\x92/:\x5c\x1d\xc1\xcd\xcd\x85,\xc6\xc3\x83\xe1\x90\
\x91\xad\x14\x81S\xe2\xd4\xc6\xac\x90>\xc6\x7f+!\xdb\
\xd2.\xc4\xc5\x86\xeaK\xd7\xb1H\x8a\xaeM\x1b7\xe2\
;\xdf\xfa:\x06\x07;\xe1L@\x99KB\x8c\xdf\x16\
\xfe\x9e4\x14\xc82&8\xe6\x84\x04\xc0\x84\xa2\xdf\xc7\
\x9a\xb5k\xd0j-\xdd\x10\xe3\x9c\xc3\xc2\xc2\x02nq\
\xcb[\xe1\xa6\x07\x1f\x8c3N\xfbw8X\x83c\xec\
\x87\xaa\xb3\xa2m\xa5\xf5,\x8dv1\x9aQ2\xd5\x02\
\x5c$\xbc\xbc\xec\x87\x8cR.\xcb161\x01\xf6\x1e\
g\xfc\xe74\xfc\xed\xd4\xbf\xe0\x8b\x9f\xfb\x0cnu\xeb\
[\xe3\xf0\xbb\xde\x1dw=\xe2\x1e\xb8\xe5\xad\x0e\x0b\xeb\
\xfd\xfd>\x16\xe6\xe7Q\x96\xe5\x0e;\x0fw\xb4\xb0!\
r\xcd\xf6\x02\xa4\xf0/\xd6-A\x9a\x8f\xc4\x81\xbd\x98\
\xddF\xfe\x22\x89\x11\xb1)\xec~\x80Uv\x8c\x88\x00\
\x17\xed\x12\x93\xab\x1f\xf5OQ\x8d)]s.Cq\
\xed\xb5+nS\xa4\x87\x1c]\xddh4p\xcd\xd5W\
\xe3\xc3\xef{/\xc6'\xc6\xf5X\xeb\xc0\x5c\xa2J\x1d\
\xf5!\xef=Jf\xec\xb5\xe7\x9e\xf8\xc8\xfb\xdf\x8b\xef\
~\xfd\xc4p\x80\xa5\x10e\xb4\xd3\x87\xeer8\xbc]\
+\x8e\x88\x03\xa246\x81\x97\xcc\x7f\x84\x81\x8eW\xae\
\xe79\xdc\xc2\x02\xba\x97]\x06\xca\xb7\x1d\x11X9\xfc\
C\xbc4$\x0al\xf8\xa1S&\xb6\xb0\xec\x10\x14d\
PUu\xe7i\x00eYbll\x0c\x9f\xfb\xf4'\
\xb1\xe1\x82\xf3\xd1\xeetb\x0e\xc0\xd0\x99\xd0g\xe9\xa1\
v\xb0\x12\xa8D \xc8t\xb8,\xa4-\xbb\xf1M\x0e\
\xd2\xa5\xbez\xf1\xde\xa338\x88\xfb?\xe0\xc1\xe1$\
\xe2\xcc\xc1!\x1d\x9e*\xaa\xbe\xc0L\xd9g\xbc)p\
\x14s8\xe0\x02\xa5\xf7\xa2:\x1d\x08\x83\xe1\x8b\x12\x0c\
`\xa0\xdd\xc6\xdau\xeb0<4\x843\xffs\x1a>\
\xf9\x91\x0f\xe1YO~\x02\x9e\xf4\x98G\xe1\x847\xbd\
\x01\x7f:\xe5\x14\x109\x8cOL\xa0\xd5j\xdd\xb0Z\
\x01\x09\x8d\x09\xae\xa9\xa2S\xd7Qu\x11\xc9\x09\x92\xfa\
\x08\x0c\xd5\xc8\x1c1KE\x02Q\x17\xfev\x88\xa7\x11\
E\xe2\xe7`\xabDG\x05;i\x97\xf4\xa4\x99@@\
\x0e>2\x0d?3c\xd4\xda\xa5\x85\x99\xf5\xe0\xc5f\
\xb3\x89v\xa7\x83N\xa7\x83f\xab\x85\xe1\x91\x11\xfc\xfc\
''\xe3\xea\xab\xae\x88\xead\xdc\xd6\x8b\x84$\x8a\x1f\
\x111\xfbe\x89\xd1\x91Q|\xf1\xf3\x9f\xc3\xb5\xd7\x5c\
\x83F\x0c\xd5%\xe7\xc0\xdd\x1e\x06nr\x13`b\x0d\
|Y\x80\x9d\x8c+2.\x17\xc6\x91\xc6\x94\x08\x9e9\
\x22\xbdHB\x22\xc0e(z]\x14SS!Q\xe8\
65,\x8av<\xb4\xce8\x8ff\x1c\xa1?\xaa=\
\xb9d\xb6YmG%\xddu(\xde{\x94E\x81\xb5\
\xeb\xd6\xe1\xeb_\xfd2>\xf5\xf1\x8f\x84\x8d5\xbe\xd4\
\xfe\xd4\x05\xa0\xe1\xedi>)1\xb5\xc0;\x83\x83\xed\
\x80\x1b\xddh\xab\x12T\xbc\xf3\x8fx\xf4c\xb0\xef\xfe\
\xfb\x87\xd4Y\x8e\xaac\xb5\xbe\x0e\xb5\xd3a\x1b6\xf7\
\xe3%\xabQ\x19\xdb^W,\x98Q\x14}\x94\xde\xa3\
\xdd\x19\xc4\xd8\xc48Z\x03\x038\xff\xbcs\xf0\xa9\x8f\
}\x04\xcf|\xea\x13\xf1\xa4\xc7=\x0a\x9f\xf8\xc8G\xb0\
\xe1\xa2\x8b0::\x8aN\xa7\xa3\xa9\xd5\xae\xcf\x92v\
\xc2V\xe9\x95\x89$+\x10|\x94\xe7A\xa8\x93\xee\x99\
\x08&@$\x7f\x01W\xe2\x15V}\xbf.]\x94d\
\x05U\x03\x96\x94G\xc5\xc7\xe2y\x04\xe4=\x5c\x9e\xa3\
\xb8\xe6\x1a\x94\x8b\x0b\xcb:\xc9\xca\xb2D\xdeh\x04\x8e\
\xdbl\xe1\xca+\xae\xc09g\x9d\x893O?\x1d\xe7\
\x9f\x7f\x1e6]{-\xfe\xf9\xb7\xbf\x86\x08t\x8d7\
H\x8ap\xa5w\xb1\x1f\xbe,\xd1j5p\xd1\x85\xe7\
\xe3_\x7f\xff\x1b\xda\x9d\x8ej\x0d\xbe\xe8\xa3\xb1n-\
\xf2}\xf6\x06w\xe3\xba\xbd\x1a\x98\xc9\xb64F\xb7\xde\
\xb3\xb8\x5c\x81\x81\xf7\xe0\xa9\xa9\x95\x81\xb0\x9e|\xde\xf4\
]\xead\xd36\xe9=\xf3\xc6u\xf4\xa7\x94e\x89\xb2\
\x0c\xeb\xe7\x13k\xd6\xe2\xdb_?\x11\xaf9\xfee\xe8\
\xb4\xdb\xf1\x80\x8d\xd47\x9b\x9cB\x9b5+\x1e\xd6I\
I\xf1\x1eG\xdf\xc5!\x87\x1eZ\xc9\xf6[\x01\x03\x85\
\x0dH{\xed\xbd\x0f\x1e\xf2\xf0Ga\xcb\xe6-h4\
r\xc5W15\x14\xb9\xd5\xbf\x005=\xc4\xfc42\
\xd1\xf4\x99\xd3{:x\xf3\x1c\x87\x95\xa1\xa2(\xe0\xbd\
\xc7\xc0@\x1bk\xd6\xacA{`\x00g\x9f\xf1\x1f\xbc\
\xe3-o\xc0\xe3\x1e\xf1P\xbc\xe5\x0d\xaf\xc39g\x9f\
\x8d\xa1\x91\x11t:\x1d\x15T\xd7GQ\xf3\xcf\x9ef\
\x13\x08Z\xd9\xab\xb0Ga\xc09\x0c|\xd9\xc0M\x02\
V\xaa\x99\x04\x11Sd\xad\xae\x90\xabn\xbaQ\xd0\xab\
#H\x154\x05\xb8Z\xaay\x8e\xe2\xa2\x0bQLN\
\xa292R\xc9\xa3\xe7\xbd\xc7\xe8\xe8(\xae\xb8\xfc2\
|\xf5\x0b\x9f\xc7\xaf\x7f\xf5\x0b\x9c}\xd6YX\x98\x9f\
Wn\xbfv\xddzt\x17\x16\xc2\x19\xf1E\xda\xa3.\
\xed\xaaj\xc1&\xd44t\x1ae\xbf\x8f\xd3\xfe\xfd/\
\x1c\xf9 \xb3'\xdd{\xb8\xc1A\xe4{\xec\x89\xfe\xbf\
\xff\x05\x98qXu\xdc.\xea\xa5\xa0'\xdb:)\xcf\
s\x9e\xd1\xbd\xf0\x82J(l\xbd0\xc22 \xdb\xf5\
\x9dh\xbah+\xc6\xa7\x02\x04\xb5\xb6\x92\xac3\x8e\xb1\
\x14\xc4-=\xb0\x9d\xd9\x0c\xe6a\x90\x82\xce9\xb4Z\
-u\xcc\x9d{\xf6\xd9\xf8\xfcg>\x85o\x7f\xe3D\
\x0c\x0ev\x02\x83\xf4\x09\x16\x82?v~\xc5\xdc\x0an\
\x00\xa3\x85\x10\xc7\x0cp\x0e\xfd~\x0fc\xe3\x13\xb8\xf1\
M\x0fB\xaf\xdb\xdd\xear\x9bs\x0e33\xd38\xf6\
y/\xc0\xdf\xfe\xfa\x17\xfc\xe3\xd4\xbf`hd\x18e\
Q\x1a\xdc\xdaZ\xdc\x8a\xab\xcc[@\x83d&\xa4m\
\xe6\x80l%\xb7~\x02\x0d0\x8e\x1a\x83\xf7\x1e\xa5\x0f\
m\x0d\x0c\xb4\xd1\xe9\x0c\xa2(\xfa\xf8\xbf\xff\xfd\x0cN\
\xfc\xf2\x97\xf0\x80\x87<\x14\xc7<\xe3\x998\xec\xd6\xb7\
\x89\x09@\xba;\x7f/\x80\xe0\xaf2*\xc11\x8e~\
\xd6\xe8ac&f\x86gvy:\xd4\x22L\xb5\xcc\
\x19\xb8\xba\x93:\xd5\xbbz\xee%\x04\x9f\x12S\xc4\xab\
\xa2n\x19\xacW\xa4\x96\x84\x91\xcd&p\xd5UX<\
\xff|\x0c\xdc\xe5.z\xf0\xa3\xf7\x1eCCC\xf8\xc9\
\x8f~\x84\xb7\xbd\xf1\xf5\xb8\xe4\x92\x0d\x18\x18\x08)\xc0\
\xf2F\x16\xe7\x91p\xed5WC\x96\x06\xd93*[\
\xd4\x00m\x9cUJ\x90v\x84\xc8\xe1\xcak\xaf\xa92\
/\x0e\xeb\xdd\xad\x1b\xdd\x08\xfd\x1a\xb2\x03\xa8\x22\x9a:\
;#C\x8b\xfa\x7f%t5>\xc0s\xb3\xdb\x84a\
\xd0\xe0\xa4\xaf\xf6F\xaawiY\xcat\x19!\xd0i\
bbb\xf9\xad\xd0\xcb\xb4\xeb=\xa3,\x0b\xcc\xcf\xcf\
\xe3\xa2\x0b/\xc4\xf9\xe7\x9d\x8b\xdf\xfc\xf2\x97\xf8\xd9\xc9\
?\xc2\xcc\xf44\xc6\xc6\xc7t\x13\x96\x1a\x18f\xec$\
\x15\xd5\x9a[\xba\x87\x22\x98Y\x0b\xb3\xb3\xb8\xdb\x11\xf7\
\xc2\x01\x07\x1c\x80\xb9\xb9\xb9\xad2\x00\xd9x384\
\x847\xbc\xe5\x04<\xfeQ\x0fG\xd1\x0f\xd9\x9f\xac\x13\
L\x99\x91\x81\x05U\x88_:\x97&Q\x95\x04\xe9\xbc\
\xed?\xd7\xf4G\x89\xfd\x800j\x8f2:.GF\
\xc7\xe0}\x89\x1f|\xfb\x1b\xf8\xd9\x8f\x7f\x88\xc7\x1e\xfd\
$\x1c\xfb\xfc\x17`\xfd\x9e{bzjj\xa7:\x0a\
m\xb0\xcf\x92\xa8\x12\x0611\xc7\x95\xf5\xb8\x86M\x1c\
\x22\x01\x0d\x10\xa2nP?\x13C\x01\xb3u\x19\xb5\x8d\
bU\xe1T\x91J^%\x0a6\xf7\x85Id\x0e\xe8\
.`\xe1?\xff\xc1\xd8\x11G\x00Q\x05\x1d\x1d\x1d\xc5\
\x0f\xbe\xfb\x1d\x1c\xf7\xbcc148\x84\xf5\xeb\xf7@\
Y\x16a\xe9I\xb873\xf2<\xec\xb7\xd7\xa8B1\
c\xac4\x96\xcc\xb5,\xe6A\xf8\xee\x9cC\x9e\xe5K\
\xa4\x07\x11\x81\xdb\x1dxfd\x94X\xa70\xb9\xaaY\
`aX\xf9\x91\xc6J\x04\xea\xf6\x96ONb!f\
\xc0V\xa9\xdb\xf6\xd0J\x5c;_\xcc`\xf6\xc8\xb2\x1c\
\x9b\xae\xbd\x16\x9f\xf8\xe8G4\x95\x96\xf7\xacD\xa6\xab\
\xc1\xa6\xca\x85\xf9y\x5cp\xde\xb9\xb8\xf8\x92\x8bq\xd9\
%\x17cfz\x1aD\xc0\xe0\xe0 \xc6'\xc6\xa3f\
E\xb6\xd1\xd8\xdf:g\xb4\x93l\x191\xab\xc0\x0a\xdb\
\x8a\xfb\xb8\xef\xfd\x1f\xa8\xbe\x97m\x15\x97e\x98\x99\x99\
\xc1\xad\x0e;\x0c\xafz\xc3\x1b\xf1\xca\x97\xbc\x08{\xac\
[\x87^\xbf\x80p\x1f!m2\x9fJ\xf85\xcd\xb4\
\x02_$XV\xb8\x87\x19\x1a\xc51\xd7\xdf\x15\x96P\
F\x8dutd\x14\x9e\x19\x9f\xff\xec\xa7\xf0\xf3\x9f\xfd\
\x04oz\xeb\x098\xf2\x01\x0f\xc4\xd4\xd4TH\x12\xb3\
\x13\x82\x8a8-9\xa5\xa2;\xc3\x84=\x84e\x17q\
\xb8\xe6\xc4\x9c\x1c\xfc\xac\xa0\x89/\xdb\xbd\xd6\x91g8\
\xaaL\xe3\x8a:\xe6\xad\xaa\xc9\x15\xfa\xa8p\xd7(\xf8\
\xd3\xaa\x15\x81\xbd\x87\xcb\x1b\x98?\xf5/\xe8?\xedi\
 \x00\xedN\x07g\x9fy\x06^\xff\xeaW`dx\
\x18y\x9e\xa3\xdf\xef\xe9\xea\x92eT\xc1\xe9\x97@\x84\
t\xab\x02\x9f\x949%!\x88\x07c\xef=\xf6P\xb5\
>\xc0\x80\xc0e\x89\xe6>{\x03\xd1\xe6$\xad\xc9\xb4\
C\x0a\xc2\x0a\xf1J66U\x81\x11\xb5\x92\x85\xf9p\
\x1e\xc1V\x18@\x9a\x19C\x9c[\x11\xfa\x15D7c\
ff4\x1b\x0d\x5c}\xe5\x15x\xdb\x1b_\x1b\x99\x1c\
Y:\x84\x86z\x93\xaa\x8f\xd1\x97\x94!o6\xd0\x1e\
\x18\xc0\xe8\xd8(\xc0@Yz\x14E\x99^N@2\
u\x19\x93\x05v_>/y\xcf\x11\xa1\xdf\xeba\xdf\
\xfd\xf7\xc7\x9d\x0f?|\xc5'\xe3\xe4y\x8e\xcd\x9b7\
\xe3qG?\x11\xe7\x9d}6>\xff\xe9O`\xcd\xda\
u\xe8\xf5{\xc1\xf4Z\x06T\x5c\xeb\x83\xe8P\x1a:\
+\xd6\xb2\x0a\x93D\xd4\x90945,K\x13\x06\xb0\
E\x19V\x11&\xd6\xae\xc1\xa6\x8d\xd7\xe0\xb9\xcf:\x06\
\xcfy\xfeqx\xe1\x8b_\x8a\xd2\xfb\x9db\x12$?\
\x90\xc5\x01\x02\x88)j\xa0\x09\xfa\x1c\x8c\xa0\x5c\xc1P\
\x13\xd0\xc2\xcc\x83t\xab5\xb4\xca\x8e\x85\x9dn\x897\
*\x92q\xe5r\xaa\xdb^\xf3\x1e\xd4n\xa3\xf7\xf7\xbf\
c\xfa\x9f\xff\xc2\xf8\x1dn\x8f\x86s\xf8\xec\xa7?\x89\
\x99\xe9\x19L\x8c\x8f\xa9m\xaf\xdd\x5cB\x18\xf5\xe9\xb1\
Hi_!eN\x84\xa0E\xde\xec\x16\xb7\xac0\x11\
F\xec\xd3\x9a5\xf0Y\x8e\xac\x0e7;\x8e\xcaxB\
\xc5\xb2{O\x893\x22\xa8\x9f\x9f\x07\x17\xc56\xfds\
\xc9\xb3.d\x15\xff\x8d\x9d^NiC\xe5I\xd1\x8a\
rL\xacY[\x85\x97\xee\x19^\xda\x81\xa0\x14\xc4\x14\
\xeb\xcc(\x0b\x9f\xe6\xd0\xb6'\xc8\x12\x01H\x15)\x9f\
pjk\xd3\xe3\xb2\x0c[\xb6l\xc1\x93\x9e\xf6t\xec\
\x7f\xa3\x1ba\xcb\xe6\xcd+&\x0a\xe7\x1c\xe6\xe7\xe7\xf0\
\xea\xd7\xbf\x11\x8b\x8b\x8b\xf8\xca\x17\xff\x17k\xd7\xae\xab\
8\xdd\x14\x97M\x1f\xd2\x88\x13\x9ct\xd0\xe6!J\xdc\
A\xb8\xf8Rkr\xb9q\xc5/\x02\xaf\xa2\xd7\x0f\x99\
\xaa[-|\xe4\x03\xef\xc5\x19\xa7\xfd\x07'\xbc\xf7}\
X\xb3f\x0d\xe6\xe7\xe7\xaf#\x13\xa8\xee\x7f\x01\xb1\x06\
\xacV\x04\x08\x10\xcfA\x0a\xd9\x17\x1c\x96\x0e\x82\xd9\x98\
\xaaU{b\xb5\xe4o\xdf\x8b\xcbo\xc2\x8c\x84Xj\
Ha5\xdb\xf0\xacC\xb3\xbb\x88\xc9\xef\x7f\x0fy\xbb\
\x8d\x0d\x17^\x88\xdf\xfe\xfa\xd7\x18\x1a\x1c\xac\x1c\x08i\
F\x1e\x915^d\x9f\xbc\xbf\x8c\xc4\xd9 \x84C\xca\
\x05E\x8b\xe8\xf6z8\xf0\xc67\xc1\xed\xefp\xc70\
1F\x12\x05\x5cp1\xedW\x15\x1e\x0c2\xed\xdaq\
-\x87\xf9\xb1>r(\x17\x16\xe2\xb1d\xcb?\x14h\
\xd0K\x22DT\x9d\xa8[\x0b\xee\xa9\x85\xbcF\x0a\xf0\
\xcc(\x8b\x02\xfd\xa2@\xbf_\xa0\xdf+\xd0\xef\xf7\xd0\
\xef\xf5\xc3_\xbf\x8fB>\xfb\xfd\xb0\xecU\x86\xd8\x0a\
f\xd9\xc9\xb9\xfcXR[u;2\xcc\xfe\xd2\xd1\x91\
J\xdc~\xb7\x87u\xeb\xf7\xc0\xa3\x1e{4\x16\xe6\x17\
V\x9c0\x15\x80:\x14\xbb\xdd.\xde\xfa\xcew\xe3\x19\
\xc7>\x0f\x9b7m\xd6\xe4\x1b\x11P\x8a\x07\x96\xfd\x87\
K\x91tX~\x0bN\x18\xd8)\x9c\xc3C\xbe&9\
\x95\xc9\x9aw\x82\xf5\xab\x0d\x82\x01\x85\xe5\x9a5k\xf1\
\x8b_\xfc\x04\xcfx\xca\x13\xb1i\xe3F\xcd|\xb4\xc3\
\xc58<I\x18p\x18Z\x0c\xb2d\xf1\x06\x06\xd9K\
DN\xb6J\xc8pEs\x85:\x01\x0d\xc0x+\x1c\
|%}\xd3\xc9\xa7\xa5\xa6!\x12\x90\xd2o\xb3X\xe7\
Kd\xc3\xc3X\xf8\xc9\xc9\x98:\xed\xdf\xd8p\xf5U\
\xd8t\xed\xb5\x9aJ\xab\x02p\x18om\xa4\x11\xd1|\
X\xb8O\x10\xa3P\xd6n\x99A\xf4\x1bl\xd9\xbc\x05\
\x8f~\xcc\xd1X\xbb~\xbd9\xf3\xcd\x00:\xcf\xc1\xf1\
\x8c?\xe1)I\xdfO\x0aX\x05G\xb8\xc6LY\xed\
\xb2x@\xca\xd6\xa9\xcaJ,\xd1\xe1\xb4]\xcbI!\
\xfc\xad*\xd1\xd2cFF\xd4\x1d=T\x0d0\x8ah\
P\x19\x0f\xac4\xe1\xd4\xb7\xb4\xe0&Z\x8de\xac\xe6\
\xde2#b\x04-qfv\x06/|\xe9\xcbq\xd0\
\xc1\x07cqq\x01n\x95\xce1a\x02\xf3ssx\
\xc3[\xde\x86\x97\xbe\xf2\xd5\x98\x9a\x9a\xc6\xe2\xc2\x02\xb2\
,W\xedD\xa7\xaa\xb6\xc4\xb5\xfc\xe2\xb0l`C\x84\
O\xb5X\xa5[w\xb4\xda\xf1)J\x98\x88\xc7H\x81\
\xbd^\x0f\xeb\xd6\xad\xc7\xd9\xa7\xff\x07\xcf?\xf6\x99X\
\x5c\x5c\x5c\xfd9\x00\xd5\xae\xa6~E\xc4\xa4J\x86\x8f\
*Sc\x10\xaa\xebs\x89\x0c9\xbd\xc2\xba\x97?\x8e\
c\xf5\x85#)\x10Tz\x90|\x8azU\x09R\x01\
t#P|\xbf\xe7\x1c\x06\xba]\xf0g>\x83\x7f\x9f\
\xfa\x17d\xda?3j\x8a\xef\x01\xe9O\xe9\x9cR\xf2\
\x0c]'%\x00\x1e\x92\xac\x82\x9cC\xab\xd5\xc4\xa6\xcd\
\x1bq\xff\x07\x1f\x85'>\xf5\xa9\x98\x99\x9e\xae\xa8e\
\xa2\xc6\xba,C\xe6\x5c\xdcW\x9d\xd6\x99\x05\xc2\x12\xd2\
,\xa3\x92\xf5p\xeb\xa7\x0d\x88PS=\xb7\x82\xf3\x81\
c\xbb\x8a:\x97b]b\x9bq\x8c\xa4\x0e\x1fsO\
\xff\x1ct\xb5\x83H\xeb\x90z\xd9L\xb0\x8c\xabRW\
\x9dg$\xf4\x8f\xda\x1d\x81$n\x5c\x83\x00\x96C\x9a\
t\xad\x91\xe7\x98\x9f\x9d\xc5]\x8f\xb8\x17\x1e\xff\xc4'\
cjjj\x87Ua\xc1\x99\xe9\xe9i\x1c\xf7\xb2\x97\
\xe3\x13\x9f\xfb\x02\xf6\xde\xef\x00Lm\xd9\x8c\xdc\x11\x1a\
y\x9e\xe0\x07 %O\xad\x92nb\x82\xe9w\xdd\xd5\
G\x89\xba\x00\xf0\xb2p\x07\xc5\xf8\xb6\x0a\x83M\xef\xf7\
\xbb]L\xac\x99\xc0_\xff\xf4G\xbc\xe9\xb5\xafF\xbb\
\xdd\xdea\x06@ C\x9fB;\xb1w\x12\x0b\xa4\xac\
,\x90\xb9\x132\x80\xc9p)\x84\xa9\x13N\x09\x12\xcb\
\xf1\xc8\x15\xf4\x0cb\x0f.\xc1\xef\xba\xde$v2\x0b\
R\xc7\xcc-\xa5\xc7\xe8\xe8\x08\xbe\xf0\xd3\x9f\xe0s\x9f\
\xfad\xd8\x04R\x16\x22g\x00T\xe8\xcf\x94\x14\x80#\
H\x9e\x09\xf1\x12\xc1Q\x06\x22\x87F\x9e\xc3\x11\xe1\x9a\
\xab\xaf\xc2\xbd\xef{?|\xec\xd3\x9f\x85\xcb\xf3\xad\xa8\
d\x91\xb5\xaa\x8aj\xa7\xd5\x12EUn\x0b\x84\xe9\xff\
k\xef\xcb\x035)\xaa{\x7f\xa7\xba\xbf\xed\xee\xb31\
\xc3\xcc\xc82\x80( ;\x83\xc6\xf7\xe2\x06\x88K\x22\
( \x02\x22h\xd4,&\xcf\x84\x97`\x9e1\x89k\
4\xa81\x0a.1/\x09q'\xea\xc3\xb8\x22\x12\x10\
d\x13\x91}_d\x99\x19\x86\x99a\xeew\xd7o\xe9\
\xee:\xef\x8f\xaas\xaa\xfa\xbbw\xe0\xdeq\x06\x06s\
K\x87\xef\xbb_wWW\x9d:{\x9ds*\x0e\xbe\
\xa0\xf8\x0e\x9a\x9dVPff\xd2s\xcc2\x05\x09\x85\
\x09\xce\xc0b \x04\x5c\xb9?\xca\x97{\x18\xf0\xacS\
\xde\xe6\xc8\xca\xdd(\xdb\xe30\xee\x12\xd1\xc5s2\xee\
\xdc\xc4\xbe\xfe~\xbc\xf7\xaf\xff\xd6\xbdj{%\xa0\x8e\
\xc1\xc5,4GGq\xec+\x8f\xc77\xbf\xf3]\x9c\
\xf9\xb6\xb7\xa3\xdb\xcd199\x89\xb4\x92\xba\xb4j\xcf\
\xc0B*q9z#\xb6\x1b\x95Nz\x19\xe2\xec\xe0\
\x08\xcc#\xd2\x80\xa2h\xfbp\x9bq\x01M\xcb\x96/\
\xc7\xb7.\xfa:\xfe\xf9\x0b\x9f\x8f\x0e;\x99\xf7\xccK\
}\xcb,\xc2t\x04\x07Y7\xca\x0c\x19H\xfcpP\
^K\xab$\x12J\xb1o\xbb\xda\xcc>Q2\x05b\
\x0c\x92\xa5`f\xe4`\xa4DH@8\xb7\xd9\xc4\x05\
\xdd\x0e\x12OL\xb1Y\x01\xa0\xbco\xdb\xbb\x12\x11D\
\xc6\x9aMLMM\x22\xebv\x90u;h\xb7\xa6\xb1\
\xb59\x8aV\xd6\xc5\xe9g\x9e\x8d\xcf|\xfe\x8b\x00\xa0\
1\x073\x9a\xdf\x09`M&\x123+\xe4\xa1\xc7r\
T\x9e\x09EJ\xe3\xb1y\xaa0\xe6)\x03\xf4\x82\x9a\
\xed\x9e\xe5\xe8\xaf@i\x04\xc9\xef\xd6\x18|\x0f\x93r\
Q\x92\x1e\xf3\xa4<\xc1\x9e\x7f@\xcc\x9b\x84\xfd(\xec\
\xc9\x87u\xcbzR\xf9\xd9\x9ex:?O\x17\x5c\x94\
&)F\x9bc8\xe7\xdc\xf7\xe2\xc0\x83\x0f\x9e\xb3\xe7\
\x7f.-\xf1\x95\x85k\xf5:\xde\xffw\x1f\xc3\xff\xfd\
\xf2Wq\xf0aG\xa0\xd9l\xa2\xe5\x1dn\x892\x83\
\xd9\xf0\x85t.\x81YJ\xaaz\xcc\xac\x83t\x87\xe4\
^\xc8\xfd3\x84f\xd4\x7f\xe4\xa7\xca\xf3\x1c##\xc3\
\xf8\xa7\xcf\x9d\x8f\xfb\xee\xbd\x17\xf5\xed\xd0\x04\xc4\x84\xe1\
\x9e_\x81\xdez4\xde\xd9\x0d\xa64:\xbc\x84\x08 \
\xab\x85\xba\xe2\xfb\x05\xc9c\xc2\x9a_c\x1b\x0d\xae\xe4\
\xb1\x0e\xb6b\x8c\x90AI'\x80\x0c\xce\x1do\xe2\x96\
\x22\xc7\xf2$AW\xb9s\x0f\xa1\x918\xf18h\x16\
=\xef!\x22\x9cr\xfa\x9b\xf1\xd8\xbau\xd8\xb8q\x03\
\x88\x0c\x06\x86\x86p\xf8\x11G\xe1\xf8\xd7\xbc\x06\x87\x1e\
v\xb8\x16}\x98\x0d\x11\x1d~\x13l\x96\xb9\x5c\x80J\
\xd5\x17<\xf1\x1b\x8a\x82\x18q\x94\x1b\x10\xd9\x7f\xb1\x9c\
\xf1\xb3\xb4\x8c\xa4\xaf\xcf\xf9\x15\xb2|V\x10\xbb\xf0X\
\x1b\xa4V\xcf\xfc\x82\x02\xc7\x10E\xb4\xbc\x86\x916'\
\xda\x95\xf6\x1d;\xech\xd6\xfe\xe5~\x86\xf8p8\xea\
\x8e\x83zB\x82L\x823:y\xe5\x10\xf2gZ\xa9\
`\xf3\xa6M8\xeb\xed\xef\xc4ioy\xcb\xbcN\xc2\
\x9dk\x93C<G\xb7n\xc5\x91k\x8f\xc6\x97\xbe\xf1\
M\x5cz\xc9\x0f\xf1\xe5\x7f\xfb\x17\xdcz\xf3M\xc8\xb2\
\x0c}}}H\xd3\x14\xd62\xac\xdf\xf1\xd1%(Y\
\xc8~\x8e\xdcK\xd4\xee7\x97\x82O\x01\x1e\x1c\xf0b\
\xd6Fa\xd7\x09\xec\xce<\xdc\xb2i\x13\xbe\xf8\xb9\x0b\
\xf0\xb1O~\xca\xfb.\xe6\x0e\x0f\x0b \x99\x89<Q\
\xc6s\xa0c\xa1\x85\x94L\x0f\xad\xfb\xe9\xb8\xf0\xe1\xe8\
\x92:@\xb6\xd3>1&\xa2I\xe9\x89\x03'\xed\x15\
\xd4\x1e\xa0\xc3D\xf8\xc0\xe4\x04n\xb2\x05\x96\xa5\x09\xba\
\xdc\x03x\xe5\xc4\x1a\xc4\xa4\x97\xf4.\x02\x12J\xd0j\
\xb5q\xd0\xc1\x07\xe3\xef\xce\xfb\x04\xda\x9d\x0e\xa6\xa7\xa6\
@D\xa8\xd5\xea\xe8\x1f\xe8G\xd6\xedbbb\x02\x9a\
\x0d\xb6\x8d\xc6\x00\xc8Z\x90\x0d\xaa~\x9c\xd9\x16J\x5c\
Qy,*!\xa3OrQ\x8d\xe9\xe0\x10L\x9a\x82\
\xbb]`\xd6w\xfbrTD\xba\x16<k\x9fA\x92\
\xe9=\xf2\xfblJ\x5c\xc972\xf3Z\xbc6\xa27\
\xc6\xdd\xb8\xe0\xca\xb0\xf3!i\xb6\xde\xcd\x5c\x8a\x08D\
T\xb3\xafRI\xf1\xc4\x96-8\xe5Mo\xc6_\xbd\
\xff\x83\xba\x16;\xa3I$\xe8\x94\x7f\xc7\xef\x9cp\x22\
^q\xecq\xb8\xe5\xa6\x9b\xf0\xedo]\x84\xab.\xbf\
\x1c\x9b\x1e\x7f\x0c\x95\xb4\x82F\x7f?\x0c\x190l\xa8\
g\x88@:\x0e\x10\xbd\xb0r@2\x22\xc4\x22\x9b\x93\
x\xd6\xf0\x1c\xad\xd2\x14\x0b\x89</02<\x8c\x1f\
~\xff{8\xf5\x8c3q\xe0A/@\xab5w\x8d\
hV\xfaTz\x08c\xf6\xca!\x98\xc1\xa9\x01;\xc7\
\x19\x07\x85\xd4M\xc7F\x98\xec\xb9:\xd8\xd5\xe1\x9f\xd3\
p\xe210(*\x0fU\xd2%\x22njDEf\
FA\x84e&\xc1\xd7\xa7\xa7\xf1\x93N\x1b\xcb\xd3\x14\
]\xa9\xf7_R\xa3\xe2\xb2Se\xc5[\xe5-\x13\x92\
\xc4\x1d\x5c\xf1\xb6w\xfe!\x8a\xc2\xba\xfc\x80z\x1d\x0c\
v\x07\x85\xcc\xa3\x12\xac#r\x828\xbe\x1c\xd0\xe4\xdd\
\x91\xe3O\x85\xad7j\x18\xaa\xed\xb8[I\xcd\x16S\
\xab>eE \x97\xef\xce\x0e1%\xd4\xd5ms\xb8\
\xfe\xfd\xfbT \xc7p\x88\xa3}\xe2^5\xd8#\x5c\
\x8a\xb53\x00Z\xd3\xc0\x8d\xdf\x964\x18\x19\x82\xf6\xc8\
\x01\xee\xca}\x84\xc10\xc3\x18B\x92\xa4\xd8\xb8a#\
N>\xedt|\xe4\xe3\x1fG\xbb\xd5B\xa9\xec\xf7N\
j\xb2\xb6\xa2i\x1c\xfd\xa2\x17\xe1\x85/~1\x1ey\
\xe8!\xfc\xf4\x8a\xff\xc2\xf7.\xbe\x18\xb7\xdfz\x0b\xb2\
\xae\x0b\xca\xa9\xd7\xeb^3pG\xcf\x07\xc0\xd80'\
il\x83\xf6\x87\x00\xce\xd8G\x15\xeb\x02%\xfa\x92\xad\
5v\xce\xe5\xb1\xd1Q|\xf3\xa2\xaf\xe1\xb0\xc3\x8f\xc0\
\xf4\xf4\xd4\xdc\xe7\x87\xc0\xe7C#\xbf\xa3_\xde\x9f\xf1\
EA)\x95+A\x8e*\x9f#-Z\xe1\xfaQ\xf5\
w\xbeM\xa4\xc1\x0cL\x830&\xd2\xed<\xf6\xbf\xf5\
\x11\xe1\x81<\xc3\xbf\xb6[X\x9c$\xc8\x22\xb5U\xd4\
N\xc9\xd96^\x8a\xbab\xa2QY(f\x7f|X\
\x05\x1b\x1f{\x0co<\xed\x0c\x1cw\xfc\xf1\x98\x9a\x9a\
D\x92\xa6\xeah\x99\xb5\x8c\xd8\x93\xcd\x87\x08h\xb75\
\xde\x9cm\xe4P\x13\xf5\xdf\xcf5 @\xe4\x7f\xf5\xc8\
\xae\x91q\xd6\x82+U\x97n\xfcdv\x1f\xabV\xe9\
\x08\x92\xa2\xa4\x1a\x0fh\x22\xcf(\xc8@\x8a\xab\x96\xb4\
!\x06\x0c\x19W.=`\xa6\xaa\xaeq\x82\x8e0\x94\
\x10\xb1\x88H(\xb8\x07\xa3HSe\x04\x14\x1eT\x86\
\xcd\x00\x92$E\xb7\xdbE\xb39\x8e3\xce~\x1b\xde\
\xff\xe1\x8f\xa0\xd3\xe9\xec\xb0P\xd8\xb96Y\xeb\xc9\xc9\
I03V\xec\xbe;\xcez\xeb\xdbq\xd2)\xa7\xe2\
\xfe{\xef\xc5u\xd7\x5c\x8d\x9f^~\x19\xee\xba\xf3\x0e\
4\x9b\xa30dPo\xd4Q\xadTa\xe1\x19p\xc9\
\xbc\x8b\x22\x07#\xed\xd6\xf1<\xd9w)'\xd1\x05\xb8\
E~!r\xd9\xad\x03\x03\xfd\xf8\xe9e\x97a\xdd\xa3\
\x8f`\xc9\xd2\xa5s>\xb1(\xbeG\x157\xe6\xd2\x7f\
%\x82\xc3\xafN\xe1\xab\x02;\xab\xcfq\x86x`\xe5\
=v\x17\x9a\xbb\x1d&\x80\x22(9N\x89\xa0\x09\x04\
A!|\x0a\xb0 \xd4\x08\xf8\x97\xe96\xa6\x01,\x22\
r'\x02y@\xe97\x22t\xb2\x0e\xf2,sU~\
M\xb5|`\x08\x80\xe9V\x0b\xcd\xd1&^\xfb\xba\x13\
\xf1\xbe\x0f9\x84\x8b\xeb\xfc\xcd\xbb1\x83\x92\x04\xf9\xa3\
\x8f\x82\xb2\xdc\x91wL4~^\xc4\xe5\xbe\x95\xf5\x09\
\x05\xab\x9d\xe8\xe0o\x93'\xaf\x1d\xaf\xdaLI\xb2s\
t-0ZR\xae^f(\xee\xcd\x91\x8d\x1a]\xd0\
\xbeJ6\xaf|D\xd7z\x9c_r\xad\x84\x16\x12\x90\
\xc2\x0cw\xcc\x97+;\xd1\x1c\x1d\xc3\xca\xd5\xabq\xde\
\xa7\xce\xc7\xf1\xaf~-\xa6\xa6\xa7\x5c\xa8\xf73T\x5c\
S\xde\xdb\xedv\xd1n\xb7\x91$\x09\x0e8\xe8 \x1c\
r\xf8\xe1x\xcb\xef\xbd\x1d\xeb\xd7\xad\xc3\xb5W_\x85\
\x1f\xff\xf0\x87\xb8\xeb\xf6\xdb\xd0\x1c\xdd\x0a\xcb\x8c\xfe\xbe\
\x06\xd2jMs\xfcK\x84\xa7f\x92\x08Or\xa4\xcf\
\x14\x81<\x5c\x13\xd3I\x959&T\xaa5<\xb6~\
=~~\xdd\xb5x\xfd\xc9\xa7\xcc9L\xb8\xa4p\xf5\
~\x07\x84\xeeTI+\x00\x932\x91Q\xff\x8d\xd7\xa5\
Md,\xf8\xf1\x86\xcf\xeda\x00\xf0*\xb2\xb73b\
uY\xc5\xa6\x7f\x87e\xc6\x00\x19\xdc\xd0\xed\xe2\xaa\xac\
\xeb\xa4\xbfn\x9b\x05\x044I\x82\xd6\xf44\xf6\xd8k\
\x0d\x96\xed\xb6\x0c?\xbf\xf6\x1a\xe4\xb98\xee\x82wu\
\xdf\xe7>\x17g\xff\xde;\xf0\xfa\x93\xdf\x08\xcb\xd6\x15\
\x8e\xd8\x16\xe1\xf7\x12\xc66\x1a\x13\x81\x9b\xa3 .J\
v\x9c\x9e\xbe\xc3A\xf5\x133GN\xc1\x89\xe4\x83\x17\
\xc7\x00\x88P[\xbd\xaa\x04\x91\x99/\x85jI\xb2\x8c\
\xea\xf3\x10\xa7\xaa\xbcL\xc6B\xb3\xf8\x9f#\x06\xa2\xef\
#]\x85\xd2\x08f\xae4\x95\xb1\x0b\x91\xd23\xe3=\
\xeep\xd6\xc2\x16\x98\x98\x98\x00@x\xe3\xe9g\xe0\xcf\
\xfe\xfc\x5c,\xddm7\x9fPD\xdb\xc7\x84wp\x8b\
5\xc0\xe9\xe9i\xb0\xcf@\x5c\xb5z5\xce8\xf3l\
\x9c\xf2\xa6\xd3\xf1\xd8\xfa\xf5\xb8\xf1\x177\xe0'\x97\x5c\
\x82_\xfe\xe2z<\xbeq#\xaa\xd5\x0a\xea\xf5\x06\x88\
\x0c\xac?\x0e=8\xf6\x04\x9a.\x95X\xab\xc7\xab\x9e\
[\x0e\xdbU\xd8\x1b\x86+\xbf\xc5\xb8\xfe\x9a\xabq\xc2\
\x1bN\x9a;\x8cz\xb4G\xaf]\x13D\xeeS\xb8\xe0\
}\x10\x942\xf7(\x9d\x0c0\x89\xe2\xe7\x91M\xa5\x16\
\xb6\x81\x9ds\x18\x1b(\x8a\xbf!\xaf>\x87-?A\
dK\x84\x84\x80\x1f\xb4\xbbN\xb5\x17i\x02\xa8D3\
\xc6\xa0\xdd\xee`\xf1\xb2\xdd\xf0\x99/\xfc\x13\xf6^\xb3\
\x0f\xae\xbd\xfag\xb8\xed\xd6[\xb1\xf5\x89-\xc8\xba]\
\x0c\x0e\x8f`\xef5k\xf0\xf2c\x8e\xc5\xb2e\xcb0\
\xe6\x0bn\xf4\x02S\xc2[%dT\xca\x89m\x8b\xe3\
J2P\xb6q#\x88\xe2\x0a>\xb1w\x22&/\x94\
)\x8f\x11r2\xfcX\x98\x08\xe9\xcaUO\x0eZ\x0a\
cg\x00l)\xea7\xe2\xd4\x914\x8fT\xa50\xce\
x)#\x0c\x94<\xb0\x99<0\x96\x19\xfeY+j\
>\xc2\x96\x18\xe0\x8e\xbf\x82?g\xa1\xddF\xab\xd3F\
\x7f\xff ^\xfc\x92\x97\xe2\xad\xbf\xf7N\xfc\xf6K_\
\x8aV\xbb\x8d\xf1_#\xd0gg\xb7X\x1b\xe9v:\
h\xb7Z \x22,_\xb1\x02'\xbe\xe1$\x9c\xf0\x86\
\x93\xb0\xee\x91G\xf0\xd3+\xfe\x0b?\xfa\xfe\xf7p\xe3\
\x0d?G\xb7\xd3\xc1\xd0\xe0 \xc8\x18\x97\x1c\xa5\xa6\x0f\
\xa0\x1a+\x0b\xa8\x8d&\x18\xf9\x9f\xa3F\x80uIh\
\xd5Z\x0d7\xfd\xe2\x06\x8c\x8f\x8d!\xadTfh\x1a\
O\xda\xa2\xb5\xe6\xd2\xaf\x14\xc2?\xbc\xf2\x9d\xa2`C\
i\xe4\x9e \x80\xc4\x9b!\x0b\xcbB\xa6\xdb'\xfd\x05\
\x02\xb1\xda/\xbfS\xf4w\xc1@\x9f!<\x94\xe7\xb8\
\xae\xdbE\x7fB(\x22\x1f\xaa8b\xac/9\xf5\x81\
\x8f|\x0c\xcf?\xe0@\x8c\x8e\x8e\xe2\x7f\xbe\xe4ex\
\xf91\xc7\xa2\xf0\x04\xed\xf2\xff-\xa6\xa6\xa60::\
:\x03\xe1\x8a\xa2@\x92$\x18\x18\x18@\x9aV0=\
=\x85N\xa7\x8dF\xa3\x0f\xd5j\xd5K\xadY\xcc\x04\
\x22\xd8v\x1b\xed\x87\x1fF\x22\xb9\xc0\x02P\xbdU\xa2\
\xe2\x82\x05\x1c \x17\xc1\x9a\x19\xc6\x9f\x10d\x86\x86\x80\
b\xdb\xe9\xc0\x04DU\x8aE%w\x9aE\xd8\x85\xb3\
3\x12:\x1d\xe8\xad\xaa\xa0b\x9e$\x89\x09\x1d\xc7\x9a\
\x1e\x9b \xc1\x02\xe7\x95\xff\x87\xd2\x03\x9e\x899{\xd8\
\x22\xcfrt\xb3.\xf2,G\xb5^\xc7\xde{\xaf\xc1\
o\xfd\xcf\x97\xe0wO<\x11\x07\xbd\xe0`\x18c0\
\xee\xa5\xfe\xaeJ\xfc\xbd-\x1e\xab\x98\x09\x04`\xd9n\
\xbb\xe1\xcc\xb3\xde\x8a\x93\xdf\xf8&\xdcz\xcb\xcd\xf8\xe6\
\xd7\xbf\x86\xef~\xe7\xff\xc1\x16\x05\x1a\x8d>\x14\x85\xdb\
\xca\x8dK\x12@vJH\x03\xf3\xcb\xa0\x17\xab\x10\xee\
\xa4\xebJ\xa5\x82\x0d\x8fm\xc0C\x0f\xfd\x0a\x07\x1c\xf4\
\x02-r\xf3\x94c\xf6\xd2^|w\x91(\x8a\xf6j\
D\x07\x00\xa5\x96\x1c\xdb\x11\xa5Dp6l\xa5[p\
\x9c\x02\xbc=\x1a\x80\x97\x12\x0c/\xfd$\xef=R]\
\xd9+K}\x04\xdc\x90\xe5\x98\x02\xa3A\x84<\xf2I\
\x80\x81$M0>6\x86\xb7\xfc\xde;p\xfck^\
\x83-\x9b7#MSLNN\xcc\xea@\x9b\xed\x14\
Vk-\x86\x86\x87\xd1\x9a\x9e\xc6u\xd7\x5c\x83\x9f]\
y\x05n\xbc\xe1\xe7hMMchd\x18\xaf{\xfd\
\x1bp\xe2I\xa7\xa8\x83*\x84$3L\xb5\x8a\xa9u\
\xebP<\xf4+g\x07\x8ay\x22\x04\xa1Z\x80\x9f\xab\
\xce\xb1W}\xf6\x04Y\x14@\x7f?\xea{\xed\x09\x9b\
u\x9ft\x91\xb5\xce\x9d\xa8\xf1\x824\xa47\x04[\xd2\
\xdfVv\xd2\xb9E\xb5E\x81\x89\x89q\x87\x88\x14\xa2\
\x18Y\xdf\xe1\xbb\xe3\xa0\xf41b\xe6\xed\x9c`\xcc@\
\xa3\xd1@\xadV\xc7\xf2\x95\xbba\xcf\xbd\xd6\xe0\x90\xc3\
\x0e\xc3\x91G\xaduUr\x97,\xd1Sqe-\x9e\
\xad-f\x06Y\x96att\x14\xc6\x18\x1c~\xc4\x91\
8\xea\xe8\x17\xe2uo8\x19\x1f\xfd\xd0\xfbq\xf7\x1d\
\xb7k\x92\x9a\xc0\xde\xf8E\xd1\x03ZT\xf3\xe5H\xb9\
\x8a\x80\x0e\x861\xae\xce\xc1\xbaG\x1e\xc1!\x87\x1e\x86\
\xe9's\x0e\xeb \x11p-\xa0lh,R 8\
\xdcSCTX\x95Q$\xc6\x02\xb3\x046iQa\
\xf2<d\xfe\x1c@\xd2H58D\x93\x11\x83YA\
>1\xa6 \xc2\x95\x9d\x0e\xeaF6\xd9\xd8\xef\xcb:\
\xcfvQ\xe4\x18Y\xbc\x04\xa7\x9eq&\xa6\xa6\xa64\
Ko\xae\xc8\xc5\xcc\x18\x18\x1c\xc4%?\xf8\x1e\xbe\xf0\
\xd9\x0bp\xe7m\xb7!\xcb:\xa8\xa4\x15\xa4I\x8a\xa2\
\xc8q\xe5O/\xc7\xddw\xde\x81\xbf\xf8?\xef+\xc5\
\x1d\xb0\xb5\xa0Z\x0d\x9d{\xee\x06\x8d\x8e\x82\x07\x07\xbd\
\xd4\x16\x9b/8z4\x19G\xd5\xf6\xa0\x09\xa8\xa7\xdd\
$@^\xc0\xd6\xeb0\xf5\xc6\x0c\x1b\xae\xb7YkC\
\x98\xb6\x7f\x8f+~S\xde\x1a5\x14\xce\xc1s\x8a\x9f\
\x83\xb7I\x0c\xb2n\x17+W=\x07\xa7\x9e\xfefL\
\x8c\x8fa\xeb\xe8(\xc6\x9bMdy\x06f\xa7\x19e\
Y\xa6\x8cEJ\x88\xb1u[\xc0i%\xc5\xe0\xc0 \
\xf6\xddo?,]\xb6\x1b\x96\xed\xb6\x1bV\xec\xbe\x12\
K\x97.\xc5\xe2%KP\xad\xd6\x90\xe7\x19Z\xad\xd6\
\x0e9d\xf3\xd7m\x12\xca\xbd#\xc7\x103\x83\xa9\xa9\
)03\x8e~\xe1\x8b\xf0\x1f\x17\x7f\x17\x7f\xf1\xee?\
\xc1\xf7\xfe\xf3b\x8c,\x1aq\xde{\x04\x01&\x96\x9f\
\xf6\xe3\xcd\xab\x90\x1b\x10\xf4C\xc1\x91\xcd\x8fo\x9cG\
V$\xc1\x15\x84\x0d>\x06\xcd6\x91\xffx\x89\xeb\xdf\
\xc1\xa98-\xb4\xf9$\x91\xb2\xc1O\xe5K\xf3n\xe2\
t\x88\xb6=b\xb5\x13\x80%F\x95\x08\x1b\x8b\x02\x0f\
\xb1E\xdd\x18WJ>\xda\x9e2\xc6\xa096\x8e\x13\
^\xf9j<w\xff\xfd\xe7\x1d9V\x14\x05\xfa\xfb\x07\
\xf0\xcf\x9f\xff\x1c>\xfa\xc1\xbfE\xbdV\xc3\xc0\xc0\x00\
\x08\x03p5\xd2,\x8ci`hx\x04\x9f;\xff3\
\xd8\x7f\xff\xe7\xe3\x8dg\xbc\x19M\xff\x1e\x22\x82\xcds\
\x8c_z)\x12(,\x83\xe4\x04T\xaa\x0a\xc0\xb4\xc0\
\x84\xc0\xaf\xc7\x90\xe2<\x07\xadX\x81dh\x18\x9c=\
\xc5\xe1\xa0^\x0f\x8f\xe3:\xdd*\xf9S\x97\x22\xd3\xc0\
\xe8{\x84c\xb8\xed\xbf,\xcf\xb1d\xe9R\xbc\xfd\x0f\
\xfe\x10\x96\xd9\x1f4\xaawB;\xd8\xe6\x10\x9cd0\
\x89\xcb\xa5\xc8\x8b\x02E\x9e#\xcf]\xc90\x09\xb6y\
&U})\x0do\x8c\xc1\xc0\xc0\x00,\xf3\x9cU\xe8\
\xf96a,\x93\x93\x13\xa8V\xab\xf8\xc8\xc7?\x89_\
=\xf4+\xdcs\xe7\x1d\xe8\xeb\xefw\xc7\x88\x09\x13\xd0\
`\x1c\xd2\xcaQ\xa2\xb1\xf56){\xb7\xe1\xf1\xc7\xdd\
;\xe6\xa2\x01\x00\x88\xe9V\x9c\x80\x8e\x09\x90j\x85,\
\xd7\xfcN\x99\x1bR\xe0\x13P\x8c\xf0\xaa\xa3\x94N\x22\
\x1b]\x9aG\x93*B\xa2w\x94\x96\xc1\xdb\x1c\x16@\
\x8d\x80\x07\xf2\x1cm0\x06\xbc\x03\x10\xa2\x9eZ\x06\x8c\
\xabL\xf3\x8a\xe3^\x09\xd9\xf3~Jpxd`f\
\x0c\x0e\x0ea\xdd\xa3\x0f\xe3\xd3\x9f\xf8{\x0c\x0d\x0d!\
M\x12\xe4E\xae\x0a\x0e\x03(\xf2\x02T!\x0c\x0e\x0c\
\xe2\xb2\x9f\x5c\x8a7\x9c\xfa&\xdd\xd7\xa64E\xb6u\
+\x8a\xdbnE\xa5Vs\xf9\xf9\xa2\xd9D[d\xb2\
\xb8\xaa2\x8b\x9f@\x98\x81\xf2U\x03\xces\xd4\x0e<\
\x10\xa6V\x05w;O\xce\x00\xf4R\xec\xda\xf1\xff\x89\
\x8dI\xf4\xac\x11\xc7\xb7\x12\x0ak1>>\x86\xa2\x98\
\x87ci\x16\xb8\xba\xd7\x91~>\xd3*\xbe\xacs\xb5\
VC_\xa3\x81<\xcfq\xc5\x7f]\x86v\xab\x85c\
_\xf5j\xb4v`\x9eAoK\x92\x04\xddN\x07\x83\
\xc3\xc3\xf8?\x7f\xfd~\xbc\xed\x8cS}%\xac\xb2\x10\
\x05\xa0\xbb`\x9a\xca\x1e\xd9\xff!\xed\xc8i\xcd\xedv\
\x07\xb3\xac\xe8\x934\xd2>\xf5$ u\xec\xf9\xaa\x9c\
^\xbdgfJ\xb7\x91\xd9\xa4\xf4J\x16*A\x5c(\
\xe7\xfc\x19\x80\xdf\xe0\x0c\xdfE\x13\x91\xef\xec\x1c#\x15\
\x106\x14\x16\xddH\xcd\x8d\x11\xad\xd3\xe9`\xc5\xca\xdd\
q\xd8\xe1G\xa0\xd5j\xa17\x5cW%\x99\xaf\x5c\xec\
\xc2|k\xa8\xd7\xeb\xc8\xf2\x1cS\x93\x93\xf8\xfa\x97\xfe\
\x1dE7C\xbd^C\x9e\xf9\x0a\xc3\x9a\xab\xed\x9a\x93\
\x1e\x8c\xb1\xc9\x09\xe4\xb9s8\xb2\xb5H\xfa\x070y\
\xf5\xd5\xc0\xe6\xcd@\xa3\xae\x15\x92{\x8ebR\x7f\x0a\
E\x7f\xcb}\xb1MM\xb0\xb0\x89A\xdf\xe1\x87\xc3\xc0\
\xc5:<\x85\xfcG\x5c\x5cbvP\x0b\xd2\xc5\xf7)\
0\xfd\xef\xec\x0f?\xdd\xf1\x12\xf1\xe9n6r\xfa\x0e\
\x0c\x0c\xc0$\x096\xac[\x87\xaf~\xff{\xf8\xf1\x0f\
\xbf\x8f_\xde\xf0s\x1cp\xe0A8\xe6\x95\xc7\xef\xf4\
-\xc7$M191\x81#\xd7\xae\xc5\xc1\x87\x1d\x8e\
\x1b\xaf\xbf\x16\xfd\x03\x83\xae@(X\x19\xb0.\x85x\
\x8c\xd8\x93\xadj\x08\xc1\xb1\xcb\xbe\x12\xd3\x9c\xc6\xae\x0e\
b\x11<\xc2U|\x88-i\xa0\xb6\xc7#vEA\
e\x5c\x00\xd8p\xc0g\x95&$6-m\x17\xca\x10\
\x11\x98\x8c:\xb1\x84@l\x8f\xe4\x04\x01\x1bm\x81\xc4\
\xdf\xa7L@\xed\xff\x02\xbb\xaf\x5c\x89\xc1\xa1!\x0d\xe8\
!Q\xa9\x88\x90\xa4)\xd2$A\xa5ZEb\x5c\xe8\
\xef\xbau\x8f\xe2\x17\xd7_\x8f+\xaf\xb8\x1c\xb7\xde|\
\x13\x9e\xd8\xb4\x09}\xfd\xfd\xae$v\x10\xc5%\x87Z\
\x9a$`\x0b<g\xe5jT\xab\x15t:-\x0d\x82\
\x9b\xbc\xf4\xc7H\x8a\x1cRT\xc9)H\xb1g_\xc6\
\x1c\xa0%c\x0c{\x01\x1e\x09\xf2\x02\xb4t\x19j\xfb\
\xed\x07\xeev\x9e\xda\xd6\xf3j\x9b\xee5\xcb\x8f\x88\x19\
G\xb4B\xb1\xceG\xf0\xcf\x91\xcb\xcb\xd8\xc9\xc4\xb03\
[\xac\xe27\x1a\x0dTk5LMN\xe2\xea\xab\xae\
\xc2\xf7\xbf\xfb\x1d\x5c\xf3\xb3+\xb1a\xdd:T\xd2\x0a\
\x86\x87\x87\xf1\xe0\x03\xf7\xe3\xaa\x9f^\xa1\x87\xbe\xeeL\
ME\xea.\xee\xbf\xff\xf3p\xdd\xcf\xaer\x87\x95x\
\x87\x8c\xe2\xaa\xa8\xc1\xac\x87vy?\x8d\x1aq\xdeT\
\x0e\x91\x9es2\x01\x14)H\xfff\x80\xe5l`\xc5\
I\x82\x9e\x18\xec\xc3\xcf\x02\x12\x89\xd3=($\xd2\x99\
\xb7Y\x92d\x9e*\x89Wk\xfc\x16^\xa4\x11\x97\xfb\
\x87cT[\xbd\xb3\x09P\xcb\xc3\xbd\xde\x00y\xd6\xc5\
~\xfb\xed\x8f\x95\xcb\x97bb\xba\xe3\xed$\x17\xcb_\
\x14\x05\xc6\x9aM4GGq\xff\xfd\xf7\xe1\xf6\xdbn\
\xc5\x9d\xb7\xdf\x8e\xbb\xef\xbc\x03\x9b\x1e\xdf\x08\x82\xf3X\
\xa7\xd5J)\xe3\xabW\xff!c\x90&\x09\xdaY\x86\
c\x8f?\xdeK\x7f\x86i40\xfd\xe0\x83\xc8\xaf\xbd\
\x06i\xa3\x01k\xa3|m\xd5d\x02$\x0d\xbc\xd77\
R\xf7\x02L\x19H\x12\xf0\xd44*G\x1c\x89\xda\xca\
U\xb0\x9d\xa7P\xff\x01p\xe1\x82J\xa2\xd5\x8a\x18h\
\xf4\x09\xf40\x890N\xcf\xf8\xb7O\x93{\x86\x9b\xb5\
\x16\xec\x0f!\xed\xeb\xefG\xb7\xd3\xc1=w\xdd\x85\x1f\
\xfd\xe0{\xb8\xfe\x9a\xabq\xc7\x1d\xb7\xa35=\x8d\x81\
\x81~\x0c\x0f\x0f\xbb\xfb\x01\xb4\xda-|\xf5K\x17\xe2\
e\xc7\x1c\xfb\xb4\xcc\x9b\x99\xb1f\xcd>%F\x134\
E.\x9bi\xe2\x18/\x8d\xcb\xe1\x81\x01\xdca'\xf3\
x\xaf`\x10k\xd7R\x866\xfc\x0e!I\x22\xa4\xf1\
\xee \x83\xc9\xa5\x0e\xb0\x7f>8\x0e\xe0\xb9\xd1\xf6\x01\
\xd0i\x0f\xcaKt\xc4\xa4\xa3\xb2p1\xfdj\xd2\x06\
\xa5\x00R\x1b\xa0R\xa9\xe2\xbe{\xef\xc5y\xe7}\x02\
\xedv\x1bS\x13\x13h6\x9b\xd8\xb2e3lQ`\
\xc3\xa3\x8fbl\xac\x89\xb1\xb1&\xb2,C\xa5RA\
\xbd^\xc7\xa2E#\xbe\xe2\x96W\xa7\x18\x80!$\xc6\
\xc5\xc43;g\x8e!\x03k\x0bl\xd8\xb8\x11\xef>\
\xe7\x5c\xbc\xf4\x15\xc7`bb\xc2\x95\xa6\xaa\xd5\xd1\xfc\
\xdaW@O<\x01\x1e\x1a\x02q!\x0a\x9c#Fe\
\x02\xea\xf2\x09\xb5\x0f#\xc7\x87\xc4\x0b\x90w\xa0\xf5\x1d\
x\x10\x92z\x1dy\xab\xe5N\x07~R0\x9aR(\
\xbe\xea\x1d\xfa\x1e\xafmqX3E8?\xe7\xf0\xe4\
\xb3\xa7\x89\x0a<00\x80J\xb5\x8au\x8f>\x8a\xff\
\xf8\xdaWq\xf9e\x97\xe2\xd6\x9boF\xb39\x8aZ\
\xad\x86F\xbd\x81F\xa3\x81\x22/\x5c\x15^\x06\x98\x0b\
\x0c\x0f\x8f\xe0\xea\xab\xae\xc4\x15\x97]\x86\x97\x1fs\xcc\
\xafUqhn\xe3u\x07\xcd\x9a\xc4DB\xc17\xd5\
\x80C\x06i\xac\xfaC$\xbe\x7f\xa6Z\xadBe\xc7\
S4\x22\xc1\x03\xd2q\x08\xdd\x92SDB\xaa\xbfg\
\x0bi$\x84\xd9\x9d\x1c\xe0\xd1E\xf1I(\x91\xdc\xb9\
\x80\x14\xb8\xc9|Z\xd8\xc3\x0e\x93\xf3\xf6\x89\xbb\x0ew\
n\x19\x83\x90\x18\xc1\xd5\x88\x011\xa3\xde\xe8\xc3m\xb7\
\xdc\x8c_\x5c\x7f\xad\xf6\x97\x98\x04\xc6\x8f\xabRq[\
yCCC\x0e\xd0\x96a\xb9@Q\x04g\x9dI\x0c\
\x12\x93 /\x0a4'&PK+H\xd3\x14\xddN\
\x07\xdd,CRI\xf1\xee??\x17\xff\xebO\xcf\xc1\
\xd4\xf44\xc0\x8c\xa4^\xc7\xf4\x83\x0f\xa0\xfd\x93\x9f \
\x19\xe8\xf73\xd2r\x8a2C7\x0b\xc7]\x04\xa0\x08\
\xa4\xe8s+\xc4t`\x06\x1a}\xa8\x1dr\x08\x90\xcf\
\xed\xf8s\xe3\x9d\xa9aK\x89\xc4\x12)?\xae\xbb\xb9\
\x81\xd4\xe5D\x08c\xe0\xb6N\xa3\xdd\x95]\xb99\xc6\
_\x81-\x0a\xfc\xec\xca\x9f\xe2\xf2\xcb.\xc5UW\x5c\
\x8e\x07\x1e\xb8\x1f\xf5j\x0d\x8d\xbe\x86;\xe4\xc4Gp\
\xc2WV\x0f\xa9\xe1\x1e\xbf\xd8\xe2s\x9f\xfe\x07\xbc\xf0\
\xb7~\xcb\x05\x89\xed\xc4\xb9\x9b\xc4\xe0\xc1\x07\x1e\xd0\x13\
\x82\xd9Zq5\x95\x16J\xf4A@\x947\x03\x18\x86\
\x1c\xe8\x9a$\x09\x16\x0f\x8fD~\x9d\xa7hd\x9c\xf6\
\xec\xedU\x02\xc0\x96-\x08P\xb9TR\xac\x09)\xcb\
\xd6\xbe\x8d\x94H\x0a\x01\x0b\xe5\x17\x88\xbd;?\x13\x00\
\xec\x83\x89H\xfa\x0c6II=!r\x87\x85\x16\x04\
\x18\x9f\xcd\x16]\x031\xfa\xfb\x1b\x18\x18\xec\x8f8\xa5\
Wk\x01u\xfeI\xa5`\x95w\xdeCm\x8cA\xb7\
\xd3\xc1\xe8\xc4(\x16/\xdb\x0d\xaf~\xed\xefb\xc3\xfa\
\xf5\xd8\xbae3\xf6^\xb3\x06\xcf}\xde\xf3p\xcc\xb1\
\xc7\xe3\x88\xb5kC$ \x00\xaeT\xf0\xc4g>\x0d\
\x8c\x8e\x82\x07\xfa\x81\xbc\xd0y\xb0\x87\x93J\xe2\x92\x9a\
C\xeaP\xd1\x08=\x86\x9b[\xa7\x8bd\xaf\xbd\xd18\
\xf0 \xd8\xd6\xdc*\xe0\xc6\x95f\xa4\xbb\xf0\xb7_\xdf\
\xc8\x1c\x08\x9c\xdc\xe9*\xfa\xb8\xd95b\xf0\x9f\xaa1\
\xbb\xc3^\x1f}\xf8!\xbc\xe7\x7f\xff\x19\xee\xb8\xfdV\
t\xbb]\xf4\xf7\xf5c\xe9\x92\xa5\xde\x17P\xb8\xc8\xbb\
\xc8\xc6.e5z\xadn`p\x10\xb7\xde\xf4K|\
\xe2\xa3\x1f\xc1\xdf|\xf8\xef\xe6Ur|\xbe-\xcfr\
\xdcs\xf7\xdd\xa8T*\xae\x9e&\x89E\x1d\xc5\x85\xc4\
\xbb(z\x0d\x0e\xaf\x8d\xfb;IR\xec\xf3\xdc\xe7\xce\
}\xb7&(\xd4\xd1\xce\x144\xec\xb7l\x122\x18d\
SfH\xd4\x1f\xb9\x8c@\xe1\x0f=d\xce\x00,\x83\
\xb6\xa7l1\xf9\xf8gf\x9fL\xc4\x11s\x0e\x1b\x1f\
d\xc3u!\xe68\x98\x96\x18(\xc0\xde\x16\xf6\xb4$\
\x12N\x14r\xaf^\x13\x5c\xc2\x10\xb3E\x96e\x98j\
\xb5\x90\x15\x16\xfb\xec\xb3/N;\xf3l\xbc\xfau\xaf\
\xc3\x0b^p\x08\xc6\xc6\x9ah\xb5ZX\xb4h\x11\xea\
}}\xe8v\xba\xaa\x22r\x9e#Y\xb4\x08\x8f_x\
!\xb2\x9f\x5c\x8adp\xd0\x11\xbf[\xc1\x00\x18\x0e\xe6\
Jy%b\x9bL2\xe4\x08d\x12p\xab\x85\xda\x91\
G\xa2\xbad)\x8a\xe6\xe8S\xaa\xff\xec_\xc9\x9e\x89\
\xb8\xef\xe5\xfe\x11\xad\x9d\xa6#\x07{\x00\x12\xbd\xc7\xb6\
\xec\x89\xd9\x95\x9b\x14g\xb9\xeb\xce;\xd0\xa870\xe0\
\x8f\x0bw)\xb2A\xcd%\x8a%\x18\x07\x14\xf6\xd2\xb7\
\x9be\x18\x1c\x1e\xc6\x97\xfe\xf5_\xb0j\x8f=\xf0\x8e\
?\xf8#l\xd9\xbcY\xe3;vD\xb3\xd6\xa2\xdeh\
\xe0\xc1\x07\xee\xc7-7\xdd\x88\xbeF\x1f\x0a+\xe7\x12\
x<\xb5\xb6\xac\xfe\x97\xd3(\xfd=\x0c\xcb9\x06\xfa\
\xfb\xb1j\xd5*dyOU\xeam\x0f\xc0\xc1L\x90\
\xc5uY*\xef\x098\xec 2 \xc0\xa4\xc6+\xa5\
\x85\xe3N\x9a\xd7J\xc4\xa5\xe3\xd3\xc0\x1c\x88x\xbe\x8d\
\x19d}\x1c\x01\xc2 \xcb)\xb4\x80\x01#\x81\x8bl\
s,+\xd6\x14\x02\xa3H\x8c\x84\xe1\x90Sy<1\
\x80\x19y\xee$B\xb7\xdbE\xc1\xae\xf2\xcc\x92\xa5\xcb\
\xf0\xcaW\xff\x0e^\xfa\x8acp\xc4\x91Ga\xe5\xaa\
\xd5h\xb7[h\x8e5\x91\xa6)\x86\x86\x87\xd1\xe9v\
\xd1j\xb7U\xf5\xe2<Ged\x04\xa3\xd7_\x8f\xe6\
?~\x0a\xf5z\xc3\xd5\x01\xf4Z\x89\xd8J\x0ae\xc4\
v\x9d\x0d\x86\x96\x10j\xc4!\xa8\xc8Q\xf4\xf5a\xe0\
\xe5\xaf\x00\xf29\xe6z\xc3\xc3\xcb\x16\x1a\xbc#\xb2=\
\xb0\x1f9\xfa<0\x01\x8eV\x9f\xe1\xb4*\xf1{\xcc\
\x09\xa9\x9e\xc1&[\xbf{\xec\xb5\x17\x0e;\xe2H\xdc\
p\xdd5\xe8\xf7;81\x8e\x93\xcc\x93\xe4p\xd2 \
`t\xcb\x0b\xae\xee^\xa3\xbf\x81\xf3>\xf4\x01\x0c\xf4\
\x0f\xe0\x8c\xb7\x9c\x85'\x9exb\x87\xd4#\x90\x9d\x89\
\xfe\xfe~\x5c\xf0\xe9\x7f@st\x14\xc3\xc3#\xc8\x8a\
\xcc\xe9\xdfQu-\xd9\x8b\x8fW\xafw\xde\xddn\x17\
{\xad\xd9\x07\xab\x9e\xb3\x07\xb2nwn%\xd2\x19\x8e\
\x09\xa8 \x15\xf8 $\x22\x90#m0\xc3\x80\x91\x02\
pe\x01\x09\xe4)>\xca\xfd\x0a\xc8\xe4\xed\x88\xedk\
\xfe\xd9\x90\x12\xdb\x13\x1f\xefU &\xa0n\xfc\xcb\x8d\
\xbc\xdb\xf8\x11:\xdb\xa6\xc8s\x8c\x8dO\xa0\x94\x04\x03\
\xb7\xb5\x95\x18\x83%K\x96bd\xd1\x08\xf6\xdck\x0d\
\x9e\xfb\xbc\xe7\xe3\xd0\xc3\x0e\xc3\xfe\xcf?\x00\xbb\xaf\x5c\
\x89$I0==\x8d\xad[\x9fPB\x17\xdb1\x8e\
\x5c\xe3\xa2@ex\x18\x13\xf7\xdf\x8f\xcd\xef\xff[T\
\x98\xc1\xa9qa\xbf\xb2d\x91\xfa-_J \x17\xb6\
\x15\xd9\xe1\x00;\xf5\x7fz\x1a\xe9\x11G\xa2\xef\x90C\
a\xa7\xa7\x9f\xb4\x12P\x09\x8c\xc6IC\x95&\xc1>\
Ru\xdf\x832\xa8\xfb\xd1\xef\xce\xadK\x01\x99\xe2\x1b\
w\xd1f\xadE\xadV\xc31\xc7\x1d\x8fk\xae\xba\x12\
\xc6$\x8e\xc8u\xe8=\xbaW\xc96\x8a| Z5\
\xc9\xa0V\xaf\xe3\xc3\x7f\xf3^<\xfc\xf0\xc3x\xd7\xbb\
\xff\x14\xd5J\x05\x93\x13\x13.\x9bq;\x18\x81$\x96\
-_\xb1\x1c\xff\xfc\xf9\xcf\xe3\x07\xdf\xb9\x18\xc3\xc3\xc3\
(l\xe1\x222#\xb3wf$\xac\xc7s\x0e\xdb\xc4\
I\x92\xa0\xd3\xed\xe0\xc8\xb5Gchxx\x9e\x11\xaf\
\xce\xbc\xd3dQ\xe1\x85\xa5\xa2\xbf\xce\xce`\x06RA\
V1\x17\xdd\xf9\xa1\xdeYH \x89\xfd\xf7\xee\xa79\
#k\xa9\xa9\x1dL\xd0]\x07\xea\xb9\xc1\xef{.\xa1\
\x04\xa4o\x93\x8c5\x17\xeaZ\x14\x05\x06\x87\x17\xe1M\
g\x9e\x8d\xb4R\xd1D\x9f\xfe\xbe~\xec\xbe\xfb\xee\x18\
Y\xbc\x04\xabW\xad\xc4\xc8\xe2%\x18\x1a\x1aB\xa5R\
EQ\xe4\xe8t:Z\xfd\xa579\xa8$}\x99\x01\
k\x91\x0e\x0d\xa3y\xeb-\xd8\xf4\xde\xbfD\xba\xeeQ\
\xa0\xaf\x1fls0\x11\x0c\x87L\xff^\x86\x18\x91y\
 \xac\xc8<`\xaf\xb1d`\x0c\xbf\xeeuH\xeb5\
\xe4\x9d\xf6S{\xffux!r\xac4n*}\xe8\
5\xe5\xaf\xc2\xc3\xc91\x91\xde(\xbe]\xb9\x19c\xd0\
j\xb5\xf0\xf2c\x8e\xc5g?\xf3)t\xdb\xad\xd2\xfc\
z\x10\x09@\x90\xab*jT[#\xa838\xad\xe0\
\x82O}\x027\xfe\xfcz\x9c\xfbW\xef\xc3\x11G\x1e\
\x85v\xa7\x83\x96O\x5c\x92pf\x0a/\x0a\xfd\xfbm\
T\xd1\x1c\x86G\x8611>\x81\x8f~\xe8\x83\xf8\xe2\
g/@\xbd\xd1\x08'/\x1b\x0a\xda\xa0oDa\xa7\
(\x16\x82\xf1\xfa\x11\x19\x1cu\xf4\x0b\xe7\x05+\x16\xbf\
\x0f\x05\xd1\xed\xd3\xfb\x94\x1b\xb0/\x12\xe1J\x84\x8b\x13\
\xd0=\x0doYj\xf0p\x5c\x1f\xb8T\x15f;\x9a\
J!\x86f\xc9)c\x88\xec\xf8eF\xce\xb47\xd1\
[\xdd\xf8%_\xff\xac\xb3\xdf\x865\xfb\xee\x83N\xa7\
\x0b\xf2\x89B\xec%y\x96e\xc8\x8b\xc2'iL\xea\
B>\x15g\xe7\xa2\x80\xa9T`FF\xb0\xe1\xa2\x8b\
0\xf6\xf1\xf3P\xebv\x80\xfe~\x7ff\x9fC\xaa\xde\
t\xdbX\x8a\x86}\x7f*_\xf2\xc0&\x22\xd8\xc9)\
\x98\x83\x0f\xc5\xa2\xe3^\x89brr\xce\xc4\x0f R\
\x03c\x09\xa7\xb2\x05*\x16U\xc4\xf4(\x98\xa2\xd7Q\
\x80\xf7\xae\xbe!HDh\xb7\xdb\xd8k\xef\xbdq\xda\
\x19g\xe2\xd3\x9f<\x0fK\x96,E\x96u\xa1\xdb0\
~\xda\xa2\x9f\x09&\x97\xb4\xb4 \xff \x91\xa7K\x97\
-\xc3-\xbf\xfc\x05\xce>\xed\x8dx\xed\x09\xaf\xc7\x9b\
\xcex3\x0e<\xe8\x050\xc6 \xcb\xb2(1\x8aK\
\xe3\xa9V\xabH+\x15T\xd2\x0aZ\xadi\xfc\xe0?\
\xbf\x8b/|\xf6|\xdcy\xdb-\x18\x1a\x1ar\xa7\xb7\
\x89\xaf\x8c\x85 \xa31\x08MR/=\xb9\xd5\xe8t\
\xbbX\xb1r\x15\x8e8\xf2(\xb4Z\xadyj%\xb2\
\xb6\xf1\xb4\x83'\xc8\x09z\xe7\xf5#0\xa7\x0e\x8a\x04\
\xf6E\x00\x08\xc4\xa1\x0e \x9c\xf4\xe5(jn;\xa4\
\x06i\xcd{\x8a8\x9dHPg\x1f'\x04d \xac\
NST\x8d\xa80~\x0a\x1eF\xae\x8c\xf4F\x5cz\
\xe9%x\xf3\xeega\xb49\xea\x8e\xff\x96\xf7P\xf0\
n\xcf\x09h\xccZ\x92*\x1d\x19Ak\xcb\x16l\xfa\
\xf4\xa71\xfd\x8d\xaf\xa1Q\xab\xc2\xd6j\x80\xd4\xfe\xa7\
\xe0\xd1\x0fZ\x7fD\xf8\x0alB4U\xe8\x13\xe4\xb4\
'N\x12\x8c\x9cq\x06\xd2Z\x0d\xf9\xc4\xc4\xbc\x18\x80\
\xce1\x92q1\xdd\xfb\xe5\xf58&\x1a\x08\x05\x8f\xb8\
h.~\xee\xbb:\xf1Ks\x07\x7fN\xe3\xe4SO\
\xc3\xb7.\xfa\x06\xc6\xc7\x9aHLt\xa4\xa5\x9f{\xb4\
\xc3\x1e\xe1iX\x9b\xd8\x0bN dY\x86\xfe\x81\x01\
\xb0\xb5\xf8\xfa\x97.\xc4%\xdf\xff.^\xfc\x92\x97a\
\xed\x0b_\x84}\xf6\xdb\x0f\x8bFF\xb0|\xc5\xee\xa8\
T\xaaJ\xacY\x96a\xfd\xbau\xd8\xb0~=n\xbf\
\xed\x16\x5cw\xcd\xd5\xb8\xe1\xbak\x91&\x09\x16-Z\
\xec\xb2*\xf5]Q\x0e\x0c\xfc\x97H:\xbbq\xa8{\
\x18\x00!M]Q\xd0\xdf9\xe1\xf5X\xb9\xfa9\x18\
\x1b\x1f+\x9dK\xf9dm6m\x85\xfcK\x05\x1b\x18\
\xcez\x863\xb5)eUP\xd8r\xa4\x8f\xb0\xb7%\
\x22\x9d\xd3\x1f\x87:\xa7\xb1\x84&\x8e\x98(\x148X\
;\xa4b\xd2\x00\xe8\x12\xb0W\x9ab\x00\x84\x0c\xf1\x91\
J>a\xc82*i\x05\x97\xff\xf8\x12\x9cz\xf6\xdb\
P\xab\xd5\xdd\xe1\x1cR.{N\xe3\xd18h\x98j\
\x15i\x7f?\xba\x93\x93\xd8|\xd1E\x18\xfb\xca\x97\x81\
\xfb\xefCmp\xc8\x15\xcd\xf4\xa9\xbez\xa0\x872\x01\
1Ybi*\xc0/K^\x1d\x7f\x9a\x80\xc7'\x90\
\xbe\xe4\xa5\x189\xf6\xb8yK\x7f\xc8\xfb\x01o\x12\x15\
\x91\xca\x08\x81\xa6\xda\x9b\xe4\xb7Met\x1e\xf4z\xdf\
\xb3\xa99g`\x1b{\xec\xb9'N\x7f\xcbY\xf8\xfb\
\x0f\x7f\x10\xcb\x96.E7\xcb\xf4:\x80\xa8\x0e\xa3\x17\
4\x1c\xed \xe9\x15!\x05\xf7\xdd\xe5\xed\x03#\x8b\x17\
#\xcb2\xfc\xe0?/\xc6\xf7.\xfe\x16\xaa\xb5:\x06\
\x07\x06\xb1|\xf7\xddQ\xad\xd6\xc0\xb000\xc8\xf3\x0c\
\xeb\xd7\xaf\xc3\xc4\xf8\x04\xba\x9d\x0e\xaa\xb5*\x06\x06\x07\
\xc0\x00\xbay\x17\xa4o\xa0\xd2\xfa\xa8B\xe2Q\xc3\x08\
\x15\x10\x95\xc6f\xadE\xa3\xaf\x0f'\x9et\xb2\xcf$\
\x9c\x17\xa0 \xb4\xea|\x0d\xc1\xd9\x08\xa5df\xf8\xc2\
\xb9\x04pj\xd8Y\x0ab,\xc6\xf5\xecJ\xc4\xceV\
\x91\x7f^< \x9e\xb5x\xf7\x01\xaf\xa3IO\xee3\
\xb3\xc0bCXe\x12\xdc\xc59\xfa\xbd\xbf@\x8c\x10\
\x14\x05P\xafc\xec\xe6\x9b\xb0\xee\x0b\x9f\xc3\xd2\xb7\xbc\
\x15\xd5\x81\x01\xd8V\x0b\x9c\xe7\x9a\x9c\xb3\xcda$\x09\
L\xb5\x0a\xaa\xba\x12\xdc\xad\xf5\xeb\xd1\xfc\xf6\xb70}\
\xc9%(n\xfa%*\xd5*xd\x04\x9cgQ\x82\
\x8f\x8c5\x022G*&#H\x1c\xd9%)I\x7f\
\xaf\xfeg\x19\xf2\xa1!,y\xe7\xef\x83\xf2|\xde|\
T{#\x80}\xd0\x86c@\xfa%\xbcO\xf7\x94#\
\xe9\xc2nwE\x0dBa`\xdb9\x8e\xa7\xbb%I\
\x8a\xb1\xb11\x9cy\xd6\xdb\xf0\xa3\x1f|\x1fw\xdfy\
\x07\xfa\xfb\xfb\xdc\x8e@\xd8\xf2Ra\x11\x97'\x0f\x85\
X\xfdMA\x85sw0\xdc\x11\xf3D>\x88\xcc9\
\x1f\xdb\x9d\x16\xee\xbf\xf7\x1e\x15\x18\xe4\x8f\x93K\xd3\x14\
}}}\x18\x18\xe8Ga-\x8a\xdcF\x0avd&\
F\xc2B\xd4~\xd1\x0b\xac*\xe52v\x82I\x0d\xc6\
\x9aM\xbc\xe6wO\xc0\x11G\xad\x9d\x7f\xde\x023\x5c\
\xbc\x9f[gb\x82\x1c&\x13\xee!0Y\x10\x12\x80\
\x81\xd4\xc0\x9d&b\x89M(%\x00\xbf\xe5gC\x88\
\xa9%\xb0-\x9c$\x09\xc3\x9e[\xb3\x05\xa8\xc8]\x0c\
\x01\x17e\xb3\x94cf\xc3H(\xc1\xc1)\xe1\xe6\xb6\
E\xbf1\xbe\xe2\x8e\x0fwcW\xbb\xa8c\x08\xc5\xf9\
\xe7\xe3\x91\x9b~\x89\xc5'\xbc\x01\x8d\x83\x0fFu\xe9\
RG\xdc\xb3\xbd\x9f\x9c~S\xb4[\x98z\xec1\xb4\
\xee\xbd\x17\x9d\x9bo\xc2\xf4\x15\x97\xc3<\xf8 *\xb5\
*\xd2\x81~G\xbb\xdd\x8e\x12w\xe47\x0d\x8a\xa4\x15\
\x87\x12\x07\xe2\x8f\x17\xdb/\x84\xdb\x12t\x1c8I\x0d\
\xba\xe3\x13\xe8\xff\xa3?\xc6\xe0A\x07!o6\xe7/\
\xfdA\xeax\x0ae\xa99\x94\x9dR\xe6\xec\xc6\x19l\
\xcb\xc0\xa9\x88]\x0cE<\xce]}\x17 nEQ\
\xa0\x7fx\x00\x7f\xf2\xees\xf0\xf6\xb7\x9e\xa9UyK\
\x18\xce\x00z\xce.\x90\xc5\xd4\xa2-\x1cE\x97x\xf8\
\xc9g\xd7\x16z\x8d\xc8\xa0Z\xabF\xfd{\x01\xe6c\
KB\x94W0\xc1\x04\x0d8\x16\xa6\x91\xad\xa2\xd5\x80\
\xa3\xdf\x15\xdf,`L\x827\x9evzY\xe8\xcc\xb5\
1\x83\x0a\x0bb\x1b\xe2m\x88M\xd0\x01T+`\x7f\
\xf4\x89Im\xc0\xdd\xc85\xe1\x99\xa8\x04\xf0\xa8\xedH\
\x98\xb7\x13PM\x08_\xb4\x22\xde\x82B\xf8\xdb\x12\x83\
\xd8 g\xc6\xe1i\x05_F\xdbKR\xe3\x01\xea\x06\
\xdf\x07\xc2\x83\xd6\xe2\xe1F\x1d{^\x7f\x1d6_s\
-\xd2\xddW\x22\xd9w_\xa4\xabW\xa3\xb2\xfa9\xa0\
E\x8b4\xb2\x8e\xc7\xc6\xd0yl\x03\xec\xf88\xb2\x87\
~\x85\xec\xe1\x87a\xb6nE\x9ag\xa84\x1a0K\
\x16\xc3\x16\x85\x0b\x18\xe1H\x85\x06B\x96_\xc9\x14\x0a\
Z\x95\xde\xd9\xe3\x9c+\x19\x00\x95\x14vt\x14\x8d\x93\
N\xc2\xb2\xb7\xbf\x03\xc5\xf8\xf8v\x10\xbf\xf4N%\xef\
4G~\x89\x00j\xc7t\xdc\x90#5E\x96\x96P\
\xf2\x95<\x9bZ\x92\xb8rp\xc7\x1e\x7f<\xde\xf6\xf6\
\xdf\xc7\x17.\xf84\x96-[\x86<:\xbe]\xd1S\
\xcd\xb1PLC\x95m\x0f\xb7\xdeh9w\x89\xa2\xc2\
\x1d\x08\x0c\x85\xe1\x0f\xc5\x09\xd1|Z\xe6\xceu\xaef\
E\xd8v\x91\xb0\xde\x08\xdd\x11\x85q\xcb+\x08\xa8V\
Rl\xde\xbc\x05\xaf?\xf9\x8dx\xd1\x8b\xff\x87\xcbA\
\x99\xe7\x8e\x9bF\x15FR:\xe8\xf6\x10\x8e$l\x88\
\x08\xe0T\xb5}\xf2\xd6\x88\xea\x85^\xd5\x15\xa4&\xb1\
\xb5\xe6\x898\x9e`\xd8\xf7\xe5\xf9\x12\x02\x898D5\
\x9e[N3a\xef\xb4\x82=M\x82-\x0c\xa4\xca4\
\x18 \x83\x84\x19m\x10njw\xb1\xef@?LQ\
\x806?\x8eb\xfdzW\x95\x86|!\xe6(\xe6\x9e\
\xd8\xb9/L\xa5\x82F\xb5\x0a4\x1a\x00\xf5\xb9\x9d\x83\
,\x87$\xd0\x04!\x1eoUnk\xbe4\xeb\xa5@\
\x98\x0cT*\xb0\xe3\xe3\xe0\xc3\x8e\xc0\xb2s\xfe\xfc\xd7\
R\xfd\x15^%\x8c\x83\xf7\xe8\x04\xbb\x93\xf5\xde`\x8d\
\xea\xbd\x9e\x090\xb6O\xc0\xec\x0a-I\x124\x9bM\
\x9cs\xee{p\xff\xbd\xf7\xe0gW^\x81\xe1\xe1a\
d\xdd. \xc4U6\xc0\x94\xe0\xe0/IL\x8c\x03\
c\x1c\xda^B\x02\xfd]\x22L\x85\xc0K\x16ax\
\x91_\x0b}\x02\xf0Z \x87\x87\xa35\xf1o$\xa0\
\x92\xa4hO\xb7\xb0f\xbf\xfd\xf1\xe7\x7f\xf9\xde\xd2\xd9\
\x15\xf3i2\xea\xde\xd1\xebp\xfdn\x94\x8e\x9c\xf4\xb0\
xx\x0d\xc0k81\xe0\x22\x94*\xbfh\xee\x8d\x22\
)I\xda\x83h\x15\xd0\xef\x00!'`\xb118\xac\
RE\x9b\x19\x89\xd6\x03\x14V\xc1\xa8\x11\xe1\x9an\xc7\
\xd9\xfc\xd6\x82\xd3\x0ah\xa0\x0ff\xd10*##\xa8\
\x0d\x0f\xa1:8\x84\xea\xf0\x10*#\xc3H\x17\x8d\xc0\
\x0c\x0f\x83\xfa\xfa\xc0>\xf8\xc7m\xd3pp\x96Pi\
\xb4eN*\x08 \xbf\xc5Z\x7f4\xcb`\x090\x90\
&\xc0\xd4$\xb2\xd5{`\xf9\xdf}\xd4\xa5\x10gs\
\x0c\xe9\xdc\x16\x1c\xc9G>\x12\x9ctQ\x9c&\xe1\xd0\
\x9aD\x15=\xa4\xc3\xd3\xcaa\xba\x06\xcf\xce&Z\xe8\
\x87>v\x1eV\xef\xb1'&'\xa7\x90V+P4\
S9\x15i:~\xfe\x80(\xa3\x14\x96W~\xf3\xf0\
u\xe7XF\xf8\xda\xc3\xeb)\xf29;\x9e\xca\xfe8\
G\x0a\x12\x1e\xbe?yO\x84Jr\x0d\xe4\xca\xb4\x11\
\x80\xc2Z\xbc\xffC\x1f\xc6\xca\xd5\xab\xb7\x9b\x01P<\
\xa8\x12N\xab\x05\xa0s\xf2T\xcd\x86}\xd8O\x8c(\
\x0e\x8f\x9d\x0fUU\xf7\xf0\x96\xf9\x8dJUO\xe9\xd8\
\x94\x01!\x8c\xc0/\x1a1#\x03cm\x9aBD\x95\
\xf0!b\xf8\xca\xc1\x84\xbb\xf2\x1c\xb7g9\xfa\x8cA\
\xc1\xec\xec\xe2\xc2\xc2\x16\xd6\x9f\xf2Z\x80\x0b\xab\xc7x\
\xb3\x0f\xa1-!>G\xdc\x5c\xcb\xe8\x96k\x14\xf42\
)\x9a\x0d\x06\xaar\xb9O\xaaT\x80V\x1b\xf9\xa2%\
X\xf1\xf7\x7f\x8f\xbeU+Q\xcc1\xe1\xe7\xa9@\x19\
\x86/\xdc\xc6/'\x87\xfd\x1c\x8a\x99W$\xae\x82\x1a\
\xfa\xecn\xee\x5c\x886\x96\xafX\x81\x7f\xbc\xe0\xf3\x18\
\x1c\x1e\xc1\xe4\xc4\xa4O\x9d\xf5R\x5c\xf0_T}\xff\
\xbd\xf4\x19\xb7\xf8Z\xafY\x15\xc3\x5c\xa9'\x16h=\
\xd2\x80\xe5\x83\xc3\xf3\x82\xe0%\xed\xc19\x147?\xb1\
\x05\x7fr\xce_\xe0e\xaf8\x06\xcdYJ\xd8\xcf\xb5\
i\x092\x12\xe1\x1ak\x84j\xa0\x84\x192\xc8\x80$\
8\xdfs\xacP\x1e@\x09B\xb6\x15\xe4\xb7\xf9!\x10\
G}\x93\x9e\x84\xa3L\xc0\x84w;\x09F\x98f\xe0\
\xf0Z\x0d\xfb\xa4\x09:\x08\xdcR\x8a\x92&D\xc8\x0d\
\xe1\xbb\xed\x16\xfa\x0d\xa1\x98A\x90\x88\x88@Y\xae^\
T\x840\xf2\xfe\xd8?Aa\xbc\x98\xf1\xa8\xaec\xf9\
\x1d\x1e&\x060\xd5*05\x85l\xe92,\xff\xd4\
?b\xf0\xc0\x03\xb7k\xbf\x7f\xb6F=\xef.I0\
e^\xac\xbf\xab\xd9\x16\xd6V?\x9f\xed-I\x12L\
NN\xe2\xa0C\x0e\xc1\x17\xff\xedB\xacX\xb9\x1a\xe3\
cc\xa8V\xabP\xbf\x8d\xcc\x1f\x91$\xdf\xc6\xbf\xf2\
z\xb2j\x03\x12|\x15\xc3\x8d\xa2{\x10\xc1\x1a=}\
\x11\x9cF6\xfb\xbb]\x85\xe5\xcd[6\xe3\xad\xef\xf8\
\x03\xbc\xf3\x8f\xde\x85\xd1\xd1Q\xa4\xe9\xdc\x0b\x80\xcch\
^^\xcf\xc0\x11o\x17y\xe55Z}\xe7!T\x03\
\x98}  D\xec\xe9?\xcf\xcb\x98\x81\xf9&\x03\x12\
9\x8f${\x8f+\x97Y\xac\x0fC,y\xad\x0bf\
4\x00\xbc4\xadb\xc2:\xff\x80\x8c\x85\x01\xe4\x0c\x0c\
\x19\x83k\xb2.n\xebf\xe8#w\xa8\x88\x1a\xf2,\
\xf6\x0c\xeb\x1e~o\xdd>\xff*\xf7\xcfr\xf9\x92\xce\
\x19\x11\xc7\x87\xda\xdf%\xef\xad\x7f\x80\x8d\x01\x99\x04\xc5\
\x13[Q\xec\xbb\x1fv\xff\xec\xe70p\xe0A\xc8\xc7\
\xc6@\xbf\xce\xa2\xf64\x97(%\xc5Y\x22\xc1\xc5a\
<\x0a\x86\xe8D5\xf1\x80\x0bw\x7f6:\x01{[\
\x92$\x18k6q\xf0!\x87\xe2\xc2\xaf~\x1dk\xf6\
\x7f\x1e6o\xd9\x82\x8a\xdf\x0d\x0a\xb8\x15d o\xe3\
\x1f\xe4~\xa5\x05\x84\xe3\xc1\x09\x1a=X\xeaC\xfeF\
0\xfdb;Z\xb3/\xfdx\x05\xd5\x0c% C\xd8\
\xb2e\x0b\xfe\xf8\x7f\x9d\x83\xf7\xfd\xed\x070\xb5\x03\xaa\
\x16\xbb9{__4\x8e\x08I\xbc\xff:\xc4\x87\x18\
Xk\x1c\x811\x19\x06Q\xf4\x19g\x16\x91u\x00\x09\
X5\x8f\xc6\xec\xbc\xec\x96]B\x8dO\xe6p\xfd\xfa\
k\xcc~\xbb\x90\x91X\x8b\xc9\xa2\xc0K\xaaU\x0c\xb3\
E\xe6\xc3|\xd9\xab\xfa\xd6\x16 k1a-\xbe\xdf\
nc\x00\xce\x0c }\x0f@\xec\xfad\xff\x09\xf6\x19\
\x89\x0c\xf8\xf2@~\x1c\xb2mba|\xba\xb3\xde\xcf\
\xd1\xfc\xf57\xd6g\xb5\xea\xaaIA\xdd\x0e\xb2\xf1q\
\xd01\xc7b\xd5\xf9\x17\xa0\x7f\xaf\xbd\x90O\x8c\xefX\
\xe2\xf7\xf5\xf9\xad\x1f\x97\x15\xc6*\xb0\x11S\xc8\xfa\xdf\
\xe0`e\x99\xdd?\xff}\xbb\x0ex\xddE[\x9a\xba\
\xf8\x80U\xabW\xe3\xc2/\x7f\x0d/;\xe68<\xbe\
y\x8b\xc6\xe9\xbb3\x0dl\xf4\x8f=\x13\xed\x85\x9b\x0d\
\xdb\xac\x1eo\x02<\xe5\x9a\xbf\x97\x0b\xff<\xeb\xf3\x12\
\x8f\xa0\xf0\xe7\x9e\xe7\xac3O+I\x82N\xa7\x85\xc9\
\xa9i\xbc\xe7}\xef\xc79\xef\xf9KLMM9<\
\xfau\x992\xb3\xa6\xd4\x0b\x9e\x1av\x15?\x88\x99\x88\
a\xfc\xa7\x08}c@\x86\xad\x98H.LH\x98\x9a\
\xaa\xe5e5s;*\x02\x95L\x08\xd1\x93\x18Ae\
2~\xcb\xcdU41\xc6\xa0\x0b\xc2\x1ei\x82WU\
\xebhZF\xc5\xc8X\x9c\x9eS\x00X\x9c$\xb8<\
\xeb\xe2\x9e,\xc7\x00\x11\x0a\x00\xa2s\x89\xfdC*\xed\
HKb\xc9\xdf\xa2\xa6\xc1\xbf[\xc6\xc7$\x8a\x90\x09\
N\x9d\x1e\xef)\x11\x01\xa9\xab\x8fX4\x9b\xe8.Z\
\x8c\xe1\x0f|\x10{|\xe2\x93\xa8\x0c\x0d!\x9f\x9a\xda\
\xa1\xc4/\xe3\x16\x95N\xcc!\xb7P&RE{M\
\x18\x03qi9\xe8\xb1\xd6\x5c\xfcMii\x9abj\
j\x0a\x83CC\xf8\xc2?\xff+\xfe\xe2/\xff\x0aL\
\x84\x89\xf11T*U\x98$q\xc02\x01N\xee\xd3\
\xaf/\xfc\x0f\x08\xf9\x16\x01/\x1c\x1e \xf6\xff\x10\x85\
\xb5\xf0cP\x1c#\xa8\x93Q\x12\xe7\x88\x5cm\x8a4\
I\xf1\xc4\xa8+Fs\xfe\xe7\xbf\x88?x\xd7\x1fc\
||<z\xfe\xd7k\xba[\x11\x8d\xab\xa4\xfb\x06\xdd\
^\xe6\xeb\xcb\x92\x86\x97\x0by\x13G\x84\xce=.\xcc\
\xf9\x0e5V\x85\xb4f\x99:\x05\x03rJ\xc7\x0c\x97\
\x1b0n\x19\xa7\xf75\xb0w\x92\xa0\x03r\xd5\x82\x8d\
\xb8\x11\x9c}\xd5f\xe0\xdf\xda\xd3\xe8K\x12\xe4\x91\xcd\
/\x8b\xa5\x87\xa1D\xffex\xe2\x11FP\xc2\x8a\xb0\
\xb8\xc1\x0f\x22\xc6\x9f\x01\xa7\x89'lF1>\x8e\xac\
RA\xed\xcdgb\xf5\xbf^\x88e'\xbe\x1e\xec\xa3\
\x12w\x84\xcd?\xb3\xcd\x84\xbc\x0e-*7\xed~\x13\
\xf67\xb3\x0f\x91r\xbfI-I\x12w~_\xa7\x83\
?\xf9\xd3?\xc3\x97\xbf\xf1M\xfc\xf6\xcb\x8f\xc1\xd8\xf8\
\x18:\x9d6\xaa\xd5\x8a\xc6\xd4\x0bL8\xb8\xe9\xa2\xdf\
\xe4\x8fHw\xa7\xe0NSg\xab\xa8\xfbTF\x93\x80\
}N\xcd6\xc6 MSL\xb7[\x18\x9f\x9c\xc4\x89\
'\x9d\x82o|\xfb?q\xdc\xf1\xaf\xd2\xe3\xc5v\x94\
9\x16'\xaa\xa9#\xdbK0G\xcfq\x8d:7\xd8\
\xd4\x8a\x8d\xeb\x05\xa6%\x85\x01\x89\x94\xd6N\x95*\xe6\
\xdb\xa2\xda~~x\x0avy?\xc2\x0e\xaa8q:\
\xcc\xd8\xcd$8\xb9^\xc7y\xed\x16\x96\x19r\xe6\xba\
\xef\xa8\x00a81\xb8:\xeb\xe2\x07\xadi\x1c\xdfh\
`kQ\xa0\x22} \xac\xa12\x06\x8a\xd6\xd5\xff\x87\
\xa3\x1b\xa9\xe7\x19I\xe1%\x00\xc8s\xf0T\xcb\x15\x9c\
\x5c\xb6\x0c\x95\xdf~)\x16\xbd\xf9L\x0c\x1er\x08x\
\xba\xe5\xec\xfd\x9dXl28\xb4\xbc\xf6\xa4k\xe9\x17\
\x90dO;\x22|\xf2\xf6?E\x8cO\xcc\x99\xdf\x00\
?@\xdc$pf\xeb\xd6\xadx\xfe\x01\x07\xe2\x9f\xfe\
\xe5B|\xfdk_\xc1W\xfe\xfd\xdfp\xdf\xddw\x83\
\x00\xf4\xf7\x0f I\x0c\x0ak!gb\xcel^\x92\
GL4\x10W\xc0\x1e\xc51\x82\x86\x1e\x8b\x86fR\
Wwprb\x12\x0c`\x9f\xfd\x9e\x8b\xdf\xff\xc3w\
\xe1\xc4\x93NF\xab\xd5\xdaI\x85Ic\xed5\x8c\x0d\
!\xc8\x0f\x16\xc4\xa18\x09q\x1aC \x04/\xfa\xa9\
*B\x05\xb8\xcc_\xfc\xc3\x89\xec$\x01\x1b\x89\xeas\
\x04\x1e\xaa\xda \x88.q\xbe1P!\xc6f\x02^\
\xd5\xd7\x8f\x1f\xe5\x19\xee\xb2\x16\x8b\x13B\xeeY\x94\xcc\
s$\xa9\xe03\xad\x16\x0e\xa85\xb0\xacRA\xa7(\
\x90 \xa8{R\x1bN\xb3\x18z\x10_\xc7\x10U\xdd\
5\xcc.B0\xcf`\xb3\xdc\xf5\xb1h\x04t\xf0\xc1\
h\xac=\x1aC\xaf8\x06}k\xf6\x01\xb2\xae\x0b\xed\
5f\xa7\x12?\x00Pb`\xd2\x04\xc6$H\xc4\xa9\
J\xe2\xe4d\xd5xHX\x80_HYQC\x04c\
\x12T\xd2\x14\x92!\xf8\x9b\xc6\x04\x00\xa7\x0d\xb4Z-\
\x00\xc0\xe9g\x9e\x85\x13N|\x03~\xfc\xa3\x1f\xe2\xdb\
\xdf\xbc\x08\xb7\xdet#\xc6\x9a\xe3h\xd4\xeb\xa8\xd5k\
0>`\xac\xf0!\xd2\x1c\xcb<\xd5\xaa\xe2\xed\xdf\x80\
\xa3\x9ay\x0a\x80\x92\xc4U\x99\xb6\x16\xadV\x0b\xadv\
\x1b\xf5F\x03G\xac=\x1a\xa7\x9cz:\x8e{\xd5\xab\
\xd0\xd7\xdf\x8ff\xb39\xeb\x81\xb5;\xa6E\xd2\xd1\x8f\
\x8d-\xfb\xd8\x9f8\x04)Pu*x\xc2\xe1Iw\
\x93\xc7\x22\xf1\x1b\xca\xe4\xe7o\xff\x03\xc8rp\xbb\x05\
\x93V\x80\x22\x8f^\xe3\xb9h,}\x99\x03\x8faW\
&\xcc\x92\xc19i\x05\xef\x1e\x1b\xc3\x98a7hD\
\x88\x0d`\xca2\xfez\xd3\xe38\x7f\xf1\x08R\x8bp\
\xae`\xc4\xc1d\x11Ki0\x1c\xe2\xea\x8b\xdc\xc5\x0b\
 I\x814\x05\x0d\x0f\xc3,_\x01Z\xb5\x0a}\x87\
\x1d\x8e\x81\xa3\x8fF}\xaf\xbd\x90T\xab\xe0v\x1bv\
\xc2\xdboO\xc3\x19x\xaeLT\x8e\xd6t\x0b}\xf5\
\x06\x8a<\x0f\x9cKU\x199u9\x96\xf6\xa1\x0f\xd9\
?\xefv;;}\xbc\xcft\x13m@\xaa\xe9\x9cx\
\xf2)\xf8\x9d\x13N\xc4\xad7\xdf\x8c\xef|\xe7\xff\xe1\
\xc6\xeb\xaf\xc7#\x0f\xff\x0a\x93\x93cH\xd3\x04\xf5Z\
\x0di\x9a\xea\xa1)Q\xb6@\x90MP}@\xc9\xc9\
\xb2E\x9e\xe7\xc8\xda\x1dd\xdd\x0ci\xa5\x82=\xf7\xd9\
\x07G\xae]\x8bW\xbf\xfa\xb5X\xfb\xc2\x17\xa1R\xad\
brb\x02\xe3;\xb9\x1cy,\xd8B\x18{\xe9\x0e\
\xe1o\x1e-\x5c=\x00\xf7\xac\xb2?/W\x19A\xfe\
+\xf1\xcf3\x87\x9c\x08\xb0\x16\xc9\xe2\xc5\xe0\xe7\x1d\x80\
\xbc\xd1p\x19}~\x08Q\xcd\x16%\xd2\x98\xc1\xb8L\
&\x83q\x00\xfb\x19\x83?+\x0a|ej\x02\x0d\x10\
\x0a\xb6>;\xd9\x19\x0d\x15c\xb05\xcfqy\xbd\x8e\
\xd7\xd4\x1b\x98\xc8\xba\xea\x0d%\x22\x18\xb6\xb2\xf1\x00\xe7\
\xfbts2\x15\xaf\x04U\xab\xa8?g\x0f\xd8\x91E\
\xa8\xadX\x8e\xda\xde{#\xddm9j+W\xc2\xf4\
\xf5\xb9\xf2\xce\x9d.l\xbb\x8d|z\xda\x05\xf5<M\
g\xe1\x11\xb9\x13zW\xae\xdc\x1d\xcf;\xe0 \x0c\x0f\
\x0d\xba\xa2\x98\xfe\xd0H\x86s^YI\xe8\xf6\x87\xab\
\xc8V\x94\xab\x9b\xc8*\x19\xf7\xd8s\xef\xb0>\xbf\xe1\
M\x08n\xac\xd9\x04\x11\xe1\xe0C\x0f\xc5\x91k\x8f\xc6\
Xs\x14\xf7\xddw/n\xba\xf1\x17\xb8\xee\xea\xabq\
\xdf\xbd\xf7`\xf3\x96\xcd\xe8\xb6\xdb\xc8\xb2\x0c&I`\
\x88\x14O\x04\xd3\xac\xdf)\xb0\xcc0D\xa8\xd5\xeb\x18\
\x1a\x1a\xc6\x01\x07\xae\xc1!\x87\x1d\x8a\xb5G\xff\x16\x8e\
\x5c\xbb\x16\x8b\x16/A\x96g\x98\x9e\x9a\xc2\xf4\xf44\
\x92$\xd9\xe9\x87\xa5\x12\xa0A=\xe2\xc6\xf0\xe2\x80\xc8\
\xa7@\x89\x06\xa3B\xe2g\x07\xbc\xe0\x91\x81j\xe59\
]\xb6\xa5H\xc1\xd8\x9f\xc1\x0cP\x92\xc2\x8e\x8f\xa1\xf2\
\xa6\xd3\xb0\xdb\xb9\xef\x81\x9d\x98\x98\x17\x01X\xa0\xe4x\
\x8a\x85\x17\xf7\xfc\xb6\xad\xe7\xab^]\x8b7\x22c\x14\
6\x00:n\xeb\xc3\x17G\xb4\xca\xeb\xd4\x14\x00\x22\xef\
,\x01I\xe2\xbd\xc3\x84\xa4^\x87\xa9T\xfc\xd6_\x01\
\xce2\x17\xbe+E8\xe7Sw`'\xb5\xf98\xef\
f\x85+\x07;\xf5\xbfc\xd3\xb3\x04\xd3\x14\xf5Z\x0d\
\xd5Z\x0d\xddN\x07\x9b6m\xc2\xc6\x0d\x1b\xf0\xe0\x83\
\xf7c\xe3\xc6\x8d\x98\x18\x1b\xc3\xa3\x8f<\x82\xe9v[\
q\x8c\xc8\xa0\x92\xa6\x18\x19\x19\xc1\x8aU\xab\xb0x\xf1\
b\xec\xbb\xef\xbeX\xb5\xfa9X\xbeb\x05\x06\x06\x06\
\xf4\x94\xe4\xdcW\x91zZ\x0eL-\x0a\x98\xe1a\xac\
\xfb\x9b\xbf\x06.\xfe6\x92\xe1\x11'h\x11\xfc?e\
S\x1f\xb6f\x8c\xd9\xdaj=\x98Z\x02\xb3\x14\x8e\x88\
\xeb&\xb8\x19{\x84a\xcc\x12\xfd2\xaf\x96H\x7f\xd2\
J\xf8\xb7-d\x8c8\x16J\xae\xc3Y\x9b;a\x98\
\x9c\xafA\xb6~\x9e\xac\xa9\xbf\xc19\xc5xj\x0a\xb9\
\xccO\xb7.\xc9i\x0cO\xde\xd3\xd3\xd6v\x04B\xfd\
\xa6\xed\x00\xcc\xa7)\xfc\x98K\xc7\x99/Z\xb4\x08\xbb\
-_\x8e\xc3\x8f:Jm\xf9\xa2\xb0N\x0bE\x10V\
B\xd4\xd2O\x9e\xe7\xc8\xb2\x0c\xdd\xac\x8b\xad[\xb7B\
\x22^\x9f\x89\xa3\xd1#\xdd^\xc7\xac\xe6\xa1#\xf0r\
\xda\x0b\xc0i\xe2c\x07%\x844\xca^&D\x1d\x10\
\xa8\x14$8\xdf6\xe3\x19~\xd2\xabs\xbc6\xb3Y\
@\x09zN-f\x12\xbb\x10\xa1o\xab\xfdw&\xde\
\x1d\xddbf*\x84\xdc[\xffo\xb6\xd6{\xcf3I\
\xf4qs\x04O\x90m?\xff\xa3HM=\xf0\x0f\x00\
\xd8\x180\x11\xa5L\xbe\xd6,k\x94\xa8x\xe4#O\
\x99|ce&\xbb<\x1a\xfe7Uq\x17\xda\xf6\xb5\
gk\x8d\x84\xd9\x1aG\xdf\x5c\xf5_\x80\x1c\xa1\xab&\
\xef#\x18m\xaa\xb2\xd2%3;W\x81h\xfe\xb2\xc5\
\x04\x89\x1e\x16\x0f\xe9B[h\x0bmWk\xee<\x00\
\xef\xb4\x0c\xdb\x16\xe1\x88J\x82l\x0fK\x99-\x18F\
\xb4\xa1n\x5c\x04 @~s\x93\xa1\xe7\x86\xc1\xfd\xac\
\xe7\x06.\xb4\x85\xb6\xd0v\xb1\x162\x14u\x0b\xc0G\
\xb9\x03\xc1\xa4a\xe3\xcb\xa1\x90\xf1\x0c\xc0[\x09\xc4\xec\
\xcf\xee\xd0\x22\x01\x90^\xdc\x0d\x08\x8e\xb3\x85\xb6\xd0\x16\
\xda.\xd6\xc4m\xc7\xd1w\xd7\xf4t2/\xee\x8d\xdb\
/F\x9aZ\xb7mf\xfd\x0e\x00\xb1\x141\xea\xc9\xfa\
#\x02\x0a_*{\xa1-\xb4\x85\xb6\xeb5k\xdd\xf6\
_a}\x01^\x00!\x88\xd9\xd3\xb7\xdf\xcc\x00\xc30\
\x12\xc3Q\xb9\x14B\x5c\x0f\xa7,\xe7C\x95\xe0\xa7m\
:\x0bm\xa1-\xb4y\xb4\xc8\xc7\x07)\x04 \x9bx\
Q\x8cO\xf8$ -|\x95\x00\xd9\xfec6\xfe\x90\
p\x09\x09\xf4\xfb\xf0\xc6\x00&Y\xb0\xff\x17\xdaB\xdb\
E\x1b\x11\x81\x8d\x8b[\x91\xc2 \xd6\x937\x93\xa6\x8b\
\x00.F6\x01`}(\xb0F\xff\x96\x08\x9c\xc5\x93\
\xa8\x85(}Y\xf0<\x07\x17\xc5v\x07\x05-\xb4\x85\
\xb6\xd0v`\xf3u/]\x86\xa7\xff\x8d\xc2\xc9C\x1c\
N\xf8\x85\x0f\x0e\x97\xe2V!\x1bP\xf3\xc24\xbe\xde\
\xfd\x1a\x92K$&\x98\x90\x0c\x0f\xc0$\x09\xb8'\xf0\
\xa1W;\xe0'\xf9}.\xbf\xc9\x05\xee\xd1_vD\
\xdb\xe6\xfb\x9e\x86\xf6L\xbe{\xa1\xed\xc4\xb6\xad\x85\x8d\
D\xefNymQ \x19h\xc0\xd4j\xae4\x9e\xbc\
3J\xb4\x93\x00\x7f\x1f\xd3+\x9e\x00J\x89\xc8*\x0f\
\xd0x@Ow\xec\xce\x15!\xb8\xd8z\xaa\xd5\xd0\xba\
\xf5V<\xfc\xb1\x8f\x83\xbb\x1d\x18\x92\x1as\xcai@\
\xc6\x80\xfd!\x1b\xee\x9d~\x93\xc1\x16 \x93\xb8k\xa2\
I\x10\x9cia\xad\xefK\x18NT\xaa\xdbZ\x90I\
\x10\xb2\xf6\xfc\xe4|\xb2\x0b\x19r\x0a\x8dq\xe9\x8b\xb0\
\xd6\x85\x02\xfb\x92P\xeev_\x0f\xbd(\x80\xc4%\xd0\
\x18I\xa4\x91>\x98\xfds\x8c\xc0\xf8\xd8\xbf\xdbe\xd9\
\xb9\xa8P\xaby\x05d\x120\xbb\xf9X&\xe78\xf5\
\x09P\x94\xb8s\xecU\xb7\x92(,\xb6n\xce\x0c\x85\
\x03[\x1b\xb4\xab\xc4\xcfG\xd39\xdd\xfd\xee\x10S\xf2\
u\xeaH\xe1,\x81[\xe4\xcf{\xd3|/\xcbn\xae\
\xbe/\x81\xb7<\xc7r\xe8k\x84\x1f\xa4\xef\xf1\xb0\xf1\
kg\xfc\xd8m,a|2\x17\xd8\xba\x1c\x09\x7fD\
Q(\x92\x11\xf0\x01\x92\xe1iH\xe7\xea\x8a\xe3\xc9{\
|\x9f\xb2\xd6VN\xa4\x12\x1b\xd6\xc1\xd4\xd7\xde\x0e\xef\
\xe1\x18\x97\xfc{\x04\xa6\xcc\xaebSQ\x04\xe2S\xf4\
\xf1\xf8`\xad\x13d\xe00p@\xe1\x1d<\xe8n_\
\x9d|B\x19$\xbd\x9c\xd9\x15\x99\x92w\x1br'/\
\xc5\x02\x8b\xfco\x86\x94\x1e\x1c\x15Z\x18O\x0fq\xc2\
\xadK8\xb2\x8a\x7f\x89I|\x12[\xa0\x07\x19\xa9T\
/2\xc6\xc0\xd4\xeb\xc8\xef\xba\x03\x95z=\x9cL\xac\
i=\xb2t\xe1\x94`\x7f\x9dR\x8a\xce\x96\x91``\
x\x0f\x80\x04\x01i\x9c@\xb5\x02\xf3\xe0\x03\xa0{\xee\
\x92+%\xa0\xebI+\xde\xe7\xa8 \xb5eDS\x22\
\x96Ef\x0a\x07\x8f\x92\x8cV\xfa*\xbb#YU\x82\
\xc0UY\xee\xe1h\x9fC\x80\xef3\x9f\xb4\xb8\x83\x7f\
MH1 \x1f\x17A\xd1<\x10i\x1e~\xc1f\x1c\
\xc1S\x1e\x97g\xa8\x81I\x11\xa0\xc7\xabG\xc8%\xdf\
$T3>**\xa8p\x1e~\xd6\xcd\x91|7\xb2\
\x0d\xab\xe3\xe40\x0fab\xf1\x88\x84\xf9\x08\xc1\xc9\x16\
\xb1\x94\x87\x95\xf3\x16t\x0c\xfe8\xab\xb0\xf6\xd0\xbf)\
&F\xe6\x12\x0cH>\xa9\x9c1\xaa\xf8\xa3K\xce\xfa\
n\xc88\x04x\x1c\x03U\x04J\x99v\x85%h\x0a\
\xb9\x7f\x8e\x05^\x0c\xc5\x1b\x8a\xc7\x15}Z\xb0/\x04\
\x16g\x96x8D\xf0\x0e94a\xccn\xbc6<\
\x17P]\xc7\x15\x0e_\x89p8\x22\xee0f?u\
\x915\x82!\xec\xaa^\xcb\x98E\x8a\xebo\x04\xcf\xb8\
\xa5\x5c\x99c\xb2\xd6Z$\xb5:P\xabyf\xa9c\
T\x81\x1f-\x94P\x03\xa7\xc4E5\x81\x81\xaf\x1b\xe0\
\xc7\xe0\x8b\x0a\xcaC\xb2\x02\xccH\xd2\x04\xa6:\xa0\xd7\
\x18\xa2S\xf4\xb40\x83\x08\xfcP\xb0\x8b\xd4RHG\
K\x92\x08\x0eD]\x88\x00E\x84+\xd0\xdf\x84b{\
\x07\x11\xbfyf\xd3\xfeg|q\x14\xa75_J\x92\
\xcfS\xa3\xef\x5c\xd2&\xb9\xd4+\x02`f\xbc\x11*\
]\xe3E.#k\xb9\xc7\x19s\x8a\x12\x96t\xde1\
\x16\x85)\x84K\x111\xc5\xc4#?\x96HB^m\
\x02\xa3(\xdd#\xcc\xad\x07\xba\xf1\x5ct\xbaR\x92\x86\
(\xe0\x14z\x9e\x9d1\xdd0?\xe5\x0d:^\xff@\
\x8c[\xe4\xdf:[\x1f:n\x05^t\xcau\x0c\xb0\
\xe8)\x9d\x9f\xcc=\x90\xb80\x05\xe7&W)\xe1\xd1\
\x82\x9d\xb7M\x05P4f\xc5\x9b r\x99\x10\xbd;\
\xa4\xf0\x96e4\xc2\x12K\xa7%8D\x84bm\xa8\
\xb7a#\x10\xaa\x87_\xd4{\xe6\xc4\x18$(8\xb5\
\xccMbZ\x05/\x05e\xc2\xba\x1d\x18-\xb4W&\
`\xb9\x80\xf1\x8b:\x13\x903\x917\x96\x09\x14~\x04\
H\xb8i4\xeb\x98\xa8X\xb8\xf6\x0c\x94)7\x8f\x00\
\xc4=\xef\x8d\x11>B\xcf\x98\x96\x03p\xc3\x1c\xa3u\
\xd5\x97\x96Q7\xbe\x01\xa5\x12Lr\x97\xc0\xaf\x04\x91\
\x08\x17\x10?\xc1=\xbf\xf5t\x17\xb3O\xd7\x87Vn\
\xec\xb99\x8c)\x86SLw\xe1k\x0f\x83\x89j\xb6\
i\xafQ\xc8G\xef\x0c\xb7\xf9\xe6\x12\x81\x8ax\x8b\xd7\
=\x88\x99m\xb6HK\xe0H\xbapD\x0dAA\x8c\
\x0a\xbc(\xc0y\x06\xf3+\xcd$\xaa\x8a\xac\xab\xe4\x1f\
W\x06\xcc\xe1j<\xda\xf8(\xd2\x98tC4\x1d\x5c\
5\x9a\xd2\x1d\x02\x982\x8e\xc9\xa6|\x18_\x18\x8b\xdc\
\xc4\xd1\xa2\xc4\xb2\x07\xd1\xbc\xc2\xfcCY\xbdh\x82%\
\x1a\xf3\xfa\xae\x1b\xa6\x85M;\x96\x1f!C\x07\xb2%\
_\xe3\xc0(\x7f\x0bh\x12\xc5\x16\xc9>\x82\xff\xcd\x90\
X\xc52\xaapO\x0f\xea\x96\xb0F\xd4\xebXit\
\x8fFhE\xa1\xc0\x01G\xd3P\x18\xc4\x8b\xeb\xd5\x9a\
\xd9\x98\x84\xc39R\xce]Z\x14w(\xa1\x7f6\xb2\
\xd3\xe4\x8d\xd1\xd4\x1c3b\x10L\xc9\x0a\x09\x0a'\x10\
KU\xf5\x00\xc8\xe2\x89\x1d\x8d0\x7f\xed\x9b\xc3\xfb\xf4\
:\x97\xbb\xd5\x8b\xf1\xf8\xf5k\xcf\xa2\xcf\xc2)c<\
\x8b%\xa6\xe0,\x95\xae\x0b<\xe2\xc8\xcf\xf2j\x95I\
X\x16\x83T\x94\x94lvA\xcb\x88N\x81X\x0b*\
71\xb9X\xe7\x1c\x01$\xee\xa8wM\xc5\xbc\xd15\
\x08\xd220e\xad\xa6\xa8}r\xc4t\x00h1\xd9\
p_\x98q\xaf\x866\xc3\xe0\xd05\xec\xd5z\xc2\xbb\
\xad\x11A\x13\x09\x9d\x18&\x14\xbeG\x8f\x97\xd6\x95\xa3\
\xf7\x94\xe9.\x8c\xdd\x02\xa1\x5c\x1c\x83\x99\x0c\xb1s\x5c\
\x19k\xf0\xa0\x01\xf1\x8fX\x00G\x90-\x03\x12?\x8a\
/\xa9\xc12}_IU\x13\xe9}5t\xb0\xbf\x8f\
\xfd\x8c}%`\xf6\x0e\x19f\xc7y\xb4O\x19\xa6\xf5\
<M\xe3\x96|\xef\x0c\xc0\xfan\xa3J\xee\xca\xd0\xa4\
[\xff^HN#\x95\xfa\x02\xe49_\xd2C\xc6)\
\xa7\xa8G\x05\x8b\xc9\xf7\x02XX\xd6\x19\x96\xde\x070\
\x13\xe4\xbc\x08wT\x02\xc9@X\xc6\xc0\xcc\xae4<\
\xb4s\xbd\xa0}\xfaA\xfb;8\xc0D&\x14x\x9d\
\xfa\xdb(\xfa-\xfadH\xf5\x1f\x84\xf9(\xfce\xcd\
\x10\xbf[S@\xe1\xd7%\xe2\x07\xda\x8f\xf4\xa1@\x93\
\xcb\x1e\xf0\x96\x05\xf6:w\x08\xba8?\xae\xbc\x8a\xc2\
kY\xce\xda\xd5\x8et\xb8\xda\x11b\xbc\x93\xb9\x96\xe6\
\x00\xab\x00\x22\x99\xbf{\xa9\xe0\x04\xcb\x9aC\xa7\x01\xc5\
)yN\xc0FL\x1c\xc0\xc2\x81\xdd\xf6\x80U\x06\xa2\
\x1e\x1b\x16\x96\xa0\xe3\x93~\x94\x00\xe4(\x1cgX\x03\
\xccV\xb1%\xa6\x0f\xe8\xbb\x03j\x0780\xc0\x0a7\
\xfd_\xb4\xd6\x01\x9b\x14\xf7\x22:\x08:\x18;\xdf\x84\
\xb5L\xadnq\xa9\xd94>\xfe\xc3\xa9,\x9bH\xc8\
\x90\xe7\xb6\xec\x98\x0a\x81\x89cM8\xc2g\xc0e\x17\
\xaa\xe4\x8bx\xa7[\x04Q\x1e\x94\xb1\xf5\x0a\x0c\xdf\xad\
\xb8\xbft\xa0\xa4\xc8\xc8=*P\xac\x00\xb1f+G\
\x1a\x92\x0c$0T/\x92J\xe2VF\xa9\x0c\x02\x80\
\xb8\xea\xd49\x02\x1dC\xa9o\xb7}ZVb\xa4\xe8\
\x22\x8bp\xe9\x15N\xd2ei\xfe\xa5\x8e8\x8c\xd9\xc3\
@\xaf\x07V\x1b\xf4 V\xa1\xa1d\xe9\xde\x13$\x00\
\xf9\xe3\x1fd\xc9Y\x96\x06\x0aD\xe50\xecV\xda\xb3\
\xa4\x18@a\xcc\x81\x8e\xe4\xaa@\xb5\x879q\xb8_\
~+c\x00)\xf5h\xde\x99\x10x\xc0\x19%67\
\xbe\xa0\xd1\x07\xae\x15\x8d]\xf0\x9bc<'\x15\x96\xb2\
\x83\xcd\xfa]M\xe2\x80\x09,\xfa\xb3\x0e\x84\x15\x97\x14\
\xa6\x881\x89\x10\xcfN\xc6Y\xeaV\x18_\x90\x03\xfe\
\xf8F\x05lYm\x8b\x81N\x14\x93\x9b\x07\xb3\xb8?\
E/qw\xda2\xfaG\xc3\x95\xf9\x07M\x13\x80M\
\x0d\x99\xf1\xac\xbb\xf5\xf1\xd6\xe4\x7f\x98\xd3\xd7\xaf\xbf\xaf\
m\x8b\x0b\x07\x13c\x086'r\x99\xd1\x8c\xe84\xc3\
\xa8\xb0h\x04\x0dQ\xba\xc5{A\x10\x85&h.n\
\x03\xc5\xfd=[\xba5E\xff@\xaa\x87\x08tI\xaf\
\xe9;HI\xac\x84\xa2\xe4\x902\xd6\xe3\xe4\x1ex\x87\
\x1e\xeb}a\x8d\xf4\x0c\x07\xe8f\x8f\xdc\xe6\xc7D\xd1\
\xa9\x08\x14\xc3A\xbdD\xb1\xbfT\xc8P\xc6\x12\x9e\x0d\
N\xf8\x12V\x81\x10\xf5\xafp\x88\x01\xe1\x0f\x99Uf\
H\xf0\xf9\x1a\x1eN\xa4\x88%\xf3*\xb1\xa2\xb0\xfc\x81\
\x1d\xce4\x10\xfc\xc0\xa9\x84_~|\x08+\x1a\xbb5\
)\x8c=Z'Ys\x80d\xce\xa4\xe7\xb3\xb9\xdf@\
\x01'\x1cw\x22\xc8\x99\xb1\xb2\xbe\x02K}[\xf8\x1e\
q9\xade\x15\x13\xa9gO\xcaBc\xd8\xca\x1a{\
h\xb2\xecc\x13Jx\xcb:\x98\xc0\xf1t\xd9d\x11\
\x081n\xe8\xc8\xe3edo\xfaEk\x0f-\xad\xd3\
\xeb;'\x11X\x1eG\x89\x02\xfe\x92\xbcQ\xc5\x82\xae\
v\x090al~~\x14\xe8\xd2\x0f\x90m\x83\x12\x9a\
\xeef_{\xeb\x86\x0d\x8f\x1a\x06h\xdd\xc4\x96On\
n\xb7\x9f\xa8\x9a$\xb5\xccE\xd0\xec\x14\x8c\xb2\x9b\x16\
.\x04\x8e/NiUU\x10?'\xdb\xb2\xe4\xf5\x1c\
\x12\x09\xa7\xbb\xb5,K\x1d\xf7\xe5\x17B\xa4\x0e\x83T\
Mb\xf6*3\xcb\xed\x14\xb4P\x19#\xa0\xda\x84\xaa\
j\xbe&\x02\x83\xc0\xd6\x81\x92c\x15\x8b\xc1n\xbc:\
6?p_K\x81\x01\xf6\xaag\xe9=2>K\x91\
\xaa\xc6`\x109u\x8f\xfc3T\x1e3t\x9c\xc1`\
\x82\xc0M:&5\x0f\xd4\x82\x88\xc4\xa5\xaeA,\x1a\
U\xda\xb1\xb0\xa7\xd2\xed\x81\xfc\xcbZ\x9a_'D\xa6\
L\xac\x02\x87u\xf1k\xe9\xb5\x15\x0e\xf0R\xf2Qk\
I,\x03\xd1j\xc2\x5c|\xff\x10\xed=\xa8\xe9j\xd1\
Dd\xcc\x1c\xc1K\xa7\x19,:\xbdO\xe7\xe3H@\
\x0e\x86\x8b\xd7L\x01\x12X\x8c\xa07\x146\x1c[\x15\
\xb3<_\x82}\xef\xf5H\xa5\xa7\xf8~\xbf\x06\xd1\xf3\
\x11L\xe5=\xcc\x81\xb6\x02\x1a\x08u\xc4\xe3\x89\xde+\
\x1d\xb9(\x16\x0asVx\x13`\x99\x8bj\x92\xa6\x9b\
:\xad-\x8fLO~\x94\x01\xa2\x8b\x80\xe4\x14\xa0\xf8\
\xd6\x9a5'\xee=0\xf8\xcd\xa4R1\xed<\xcb\x08\
\x94\xc2\xb3+%\xa7R8\xb1\x12\xad\xfak\xe4\x1a\xc3\
\x1d9\x04\x88\x9a\xea\xbc\x14\x02m\x87{ 7\x1f\x22\
\xf1f\x0b\x92\x91.\xa5\x83\x18\x81e\xd7)\xe8A\xee\
G\xbf\xd5\xca\x82\xd0\xbe\xffmx\xc4\xa2\xed;\xf7\xb7\
\xbaM\xa5k7~\xa7o{\x5c&\xe5\xc0\x0e\xa5\x5c\
G,\x9a\x04i\xc7\xd1F\x9c\xd8{\xba#\x1c\x0d&\
h \x10\xec\x8b\xbf\xa9\x134\xf2\xa4\xaaD\x97;\xe5\
y\xe9\x83e\x1e$p\x14p\xb9\xb5\x88]j3\x9f\
\x0ffXiS\xd5\xab\xe9\xceJ\xa3\xa8\xef\x00e1\
\x03\x11?V\xfa.RI\xf4\xff\xe8Z\xfc\xae\xb0\x22\
\xbew\x7fC\xbc\xe1*\x8f\xc83$\xf3\x09x\x13k\
(a(\x02\x0bU\x7f8@9Z\x10\x19\x0a\x09s\
\xf0\x8b\x1c\xed\xda\x05<`A\x0aAi\xa6\xde\xb9G\
\xf0`U\x0c\x84\xcb\x95\xc0\x1f\xafbDq\x01\xe9<\
j\xc4\xfd\x07\xff,\x01\xeao\xe4\xd2\x92\x06\x9b\x81\xc1\
\x9c\xd7\xd2\xb4\xd2\xcd\x8b\xeeC\xcd\xf1W\x9d\xf2\xc8\x83\
\xff\xc5rX\x9e0\x81\x8b\xd7\xacy\xcdn\xfd\x03\xff\
wY\xad\xb6|\xac\xc8a\xad-\x08.\xbeM\xc7\xc1\
!\xbe\xc1\xe9\xcb\x82\x1f`f\x22r\xd2A\x03\xd9\x18\
 #\xac\xcc\xdb\x16a.\xaa\xf7x.\xc0\x88\xaf\xc5\
\xd7eU=\xf8U\xa3\xeaY\xf5\x19$\xd2\xc37z\
\xde\x19\xb0*\xa2 )\x97\xc2\x80\x9b\x90__\xd5\x9c\
\xe5\xf9\x00}\xcf\xe9\xa2UF\xf4[\xcf\x92\xeb8\x85\
:8\x1at\xc4\x5c\xa949?@r\x88I2w\
\x03W\x05<\xde\xb8\xe0\x80T1e\x07\xbdV\xc6\xa0\
\xfcK\x00G\x01\xef\x85\x02{\xfa\xe0\xc0\x80a\xe0\x03\
\xfa\xa4+*\xc3\xd6\x07h\xea\xab\x04\x7f\xca+\x1c\x86\
\x14\xbf[\xa1\xe8\xc7\xa4\xc1\x9e\x1c\x83\xc9\x01\xc4\x0a\x8f\
\xf4\x83 0\xdb\x08\xd7T*E\xa4\x19\xe8\xb6\x84\x83\
\x0a\x94\xf2n\x917!\xfd\x09!\x81i(\xee\x97\x11\
/\xb2\xb1X\xaf\x89\x10\xf4k\x16\xb3zDp\xf73\
!P\xccQ\x82\xc0\x89pB$\x093\x91\x11\xe7{\
\x80\xa9v_!2\xfdI\x8aM\xdd\xce\xe3\x9bZ\xd3\
g\xbe\xfe\xfe\xfb\x7f,4\xaf\xb3\x94\x1f\xfe}\xf5\xea\
}\xd7\x0c\x0e\xbe\xafV\xa9\x9c\x5cK*\x0d\x10t\xfb\
\xaa\xb7q\xe95\x14\xcd\xb6\x87\x8a\xe3\xfb\xe1\xb7\xd2D\
\xf0\xcf\xd2b\xf1!\xd2\xdd1\xa2\xd9\xb0\xc7\xf1bF\
\xe0:B\xf2A]\x09\xf7\xc0\xb3m\x95\xf2\x81\x97\x04\
\xb1\x131\x83\x88\xc9\x82JK\x173\x96 \x9d\xc2L\
\xdd\xa8#\x0e\xa3\xe2$\xa8\xcaB\x15\xfe/\xbf\xb8j\
pS\xd0\xa1)<Q\xe6\xc2\xc6\xcdAj<\xf1l\
0\x9aA\xe9\xd1b\x94\x17q\xc6\x22\x90\x87Q\xbc\x1f\
O\xe5[\x14Z\x16\x12\x9a+ \xd2\xc9E\x0c6f\
\xcd\xd1s\x81\xc7\xf7\xc0Rg\x1d\xc14\xd2%\xa9\x17\
\xfe\xdcCN\x11U\xc6\x82 \x02Ey\xf6\x01\x82,\
\xc1`\xdb\xc0\xd3\xc0\xbd\xc3l\xb4\x07\xdd\x8e\x0c<\x5c\
\xf1\x89\x84}\xa0t\x7f\xfc\x1e=\xd8C9g\x80\xa9\
p\xd1X\x99(A\xcf?@pa\xc5S\xddl\xb4\
\x9d\xe7_\xb9sl\xf4\xe3\xef\xda\xb8\xf1a\xa1\xf5\xf8\
9\x00\x81\x09\x00\xc0\xc5{\xeey\xd8`\xbd\xff\x7fP\
B\x87\x1aP?\x1bT`Q!\xb0Eb\x18\x96\x89\
\xc0\xd62\xa5\x86\xa8\x80j\xfd\x1a~n\x01N\x89\xa8\
`\xc0\x10\xb3\xb5NQH\x88\xd0e\xa2$\x11+\x15\
\xf0b\x84\x0c`sb6$v\x0c\x93qpdC\
\x84\xc23;k\xd9\x1d0f@9\x83\x120\xb3!\
6\x1e!\xfd%\x14`N\x88('v\xe3c\x22\x0b\
FJ\x84\x82\x99\x0d\x83\x0a\x80\x0c\x03d\x08\x053\x0c\
\x88-\x11%\xe4B\xd2=\xbc\x99\x83\xa2E\x04X\x09\
\xb62D\x943sJD9\xf9\xd5-\x00\x80\xd9\x18\
\xa2\x82\x99\x0d\x88\xac\xf7\xdfx\xba&C\xc4\x05\x1bJ\
\xc8\xb2O%`\x82!\xcbL\x09\xb9\xc0s\x97\x88@\
\xc4\xe4\xee\xb7\xccd@\x9c[\xe6\x84``\x9c!e\
@\x9c\x83)e\xd8\x88\xa5\xb9p-\x10rfJ\x08\
\x96a\x00c5\xbe\xc2\x18Ba\x19\x09\xfc\xe1\xca\xc4\
l\xfc1*\xc6x\x18\x11$&\xc8\xdf\xef\xb2\x0c2\
\xcb\x9c\x18\x924r2L\x5c\x80\x91&\x84\xbc`2\
\xbe\xe8\x1c\xc3\x121\xb1\xb5~\x0e\x1e\x8b\x09\xe4\xe6\x0a\
X60\x04\xe2\x22bU\xd6\xcd\x07\x0c\xb0*\x91\x0e\
\xbf\xa9\x00\xf9\xbcu&=\x03\xc5\xcd\xa3\xb0`\x93\xba\
/\x1a\x13o\x19\x1e\xa7\xfc\xfc\xc8\xb810\xb3%\xff\
n0'\x0c\xb0\xf3\xf6\x92\xb1\xd62\x03&%*\x0a\
\x22\xc5ob6Lda91\xa0\xc2\x12\x1b\xe3\xdc\
\x05\xb6\x80I\x096\x17^\xcf\xc6\x101\x13\x98\xac!\
N\x98\xc8Zpb\xe4x\x0b7;\x0b\xa6\x04D\x85\
\x81\x06\xf1\x09k\xb6\x04\x18\x06[\x02\x19\xb7\xaf\xef\xc2\
6\xd8\x1d\xfc\x95\x18\x03.\xfc99\xe4+\xf9X\xf0\
TQ\xd8\x0e\xd8\xde\xb4ab\xe2\x92\xb7l\xd8po\
/\x8d/\xb4\x85\xb6\xd0\x16\xdaB[h\x0bm\xa1-\
\xb4\x85\xb6\xd0\x16\xdaB[h\x0bm\xa1-\xb4\x85\xb6\
\xd0\x16\xdaB[h\x0bm\xa1-\xb4\x85\xb6\xd0\x16\xda\
B[h\x0bm\xa1-\xb4\x85\xb6\xd0~C\xda\xff\x07\
WH\xcf\x81\x8a\x15L\x1b\x00\x00\x00\x00IEND\
\xaeB`\x82\
"

qt_resource_name = b"\
\x00\x05\
\x00o\xa6S\
\x00i\
\x00c\x00o\x00n\x00s\
\x00\x0c\
\x07o\x84\x7f\
\x00a\
\x00p\x00p\x00_\x00i\x00c\x00o\x00n\x00.\x00i\x00c\x00o\
"

qt_resource_struct = b"\
\x00\x00\x00\x00\x00\x02\x00\x00\x00\x01\x00\x00\x00\x01\
\x00\x00\x00\x00\x00\x00\x00\x00\
\x00\x00\x00\x00\x00\x02\x00\x00\x00\x01\x00\x00\x00\x02\
\x00\x00\x00\x00\x00\x00\x00\x00\
\x00\x00\x00\x10\x00\x00\x00\x00\x00\x01\x00\x00\x00\x00\
\x00\x00\x01\x9a;+\xcfC\
"

def qInitResources():
    QtCore.qRegisterResourceData(0x03, qt_resource_struct, qt_resource_name, qt_resource_data)

def qCleanupResources():
    QtCore.qUnregisterResourceData(0x03, qt_resource_struct, qt_resource_name, qt_resource_data)

qInitResources()
